apprisk,type,tz,time,appcat,action,proto,filesize,app,msg,dstport,subtype,cloudaction,srcintfrole,srcintf,appid,sessionid,incidentserialno,direction,filename,clouduser,logid,dstintf,dstintfrole,policytype,srcport,poluuid,clouddevice,vd,dstip,srcip,srccountry,dstcountry,level,policyid,devname,applist,service,devid,date,eventtype,eventtime
elevated,utm,-0700,21:32:07,Operational.Technology,pass,6,,DNP3_Data.Link.Layer.Function.Unconfirmed.User.Data,Operational.Technology: DNP3_Data.Link.Layer.Function.Unconfirmed.User.Data,20000,app-ctrl,,undefined,port7,51812,61430,206428090,incoming,,,1059028704,port7,undefined,sniffer,49950,2bb0f70e-4038-51ef-134a-c9f410b48b6f,,root,192.168.2.86,192.168.2.91,Reserved,Reserved,information,4,FGDIT,sniffer-profile,DNP3,FGVM02TM24011031,2024-09-07,signature,1725769926890822948
elevated,utm,-0700,21:32:07,Operational.Technology,pass,6,2,DNP3_Unsolicited.Message,Operational.Technology: DNP3_Unsolicited.Message,20000,app-ctrl,others,undefined,port7,31818,61430,206428091,incoming,90 00,1 -> 2,1059028704,port7,undefined,sniffer,49950,2bb0f70e-4038-51ef-134a-c9f410b48b6f,,root,192.168.2.86,192.168.2.91,Reserved,Reserved,information,4,FGDIT,sniffer-profile,DNP3,FGVM02TM24011031,2024-09-07,signature,1725769926890942271
elevated,utm,-0700,21:32:07,Operational.Technology,pass,6,,DNP3_Unsolicited.Message,Operational.Technology: DNP3_Unsolicited.Message,20000,app-ctrl,,undefined,port7,31818,61430,206428092,incoming,,,1059028704,port7,undefined,sniffer,49950,2bb0f70e-4038-51ef-134a-c9f410b48b6f,,root,192.168.2.86,192.168.2.91,Reserved,Reserved,information,4,FGDIT,sniffer-profile,DNP3,FGVM02TM24011031,2024-09-07,signature,1725769926891043601
low,utm,-0700,21:32:07,IoT,pass,6,,DNP.DNP3,IoT: DNP.DNP3,20000,app-ctrl,,undefined,port7,10003728,61430,206428093,incoming,,,1059028704,port7,undefined,sniffer,49950,2bb0f70e-4038-51ef-134a-c9f410b48b6f,"Vendor=DNP, Product=DNP3",root,192.168.2.86,192.168.2.91,Reserved,Reserved,information,4,FGDIT,sniffer-profile,DNP3,FGVM02TM24011031,2024-09-07,signature,1725769926891170609
elevated,utm,-0700,21:32:07,Operational.Technology,pass,6,,DNP3_Data.Link.Layer.Function.Reset.Of.Remote.Link,Operational.Technology: DNP3_Data.Link.Layer.Function.Reset.Of.Remote.Link,20000,app-ctrl,,undefined,port7,51798,61430,206428094,outgoing,,,1059028704,port7,undefined,sniffer,49950,2bb0f70e-4038-51ef-134a-c9f410b48b6f,,root,192.168.2.86,192.168.2.91,Reserved,Reserved,information,4,FGDIT,sniffer-profile,DNP3,FGVM02TM24011031,2024-09-07,signature,1725769926891814919
elevated,utm,-0700,21:32:07,Operational.Technology,pass,6,,DNP3_Data.Link.Layer.Function.ACK,Operational.Technology: DNP3_Data.Link.Layer.Function.ACK,20000,app-ctrl,,undefined,port7,51802,61430,206428095,incoming,,,1059028704,port7,undefined,sniffer,49950,2bb0f70e-4038-51ef-134a-c9f410b48b6f,,root,192.168.2.86,192.168.2.91,Reserved,Reserved,information,4,FGDIT,sniffer-profile,DNP3,FGVM02TM24011031,2024-09-07,signature,1725769926891969289
low,utm,-0700,21:32:07,IoT,pass,6,,DNP.DNP3,IoT: DNP.DNP3,20000,app-ctrl,,undefined,port7,10003728,61430,206428096,incoming,,,1059028704,port7,undefined,sniffer,49950,2bb0f70e-4038-51ef-134a-c9f410b48b6f,"Vendor=DNP, Product=DNP3",root,192.168.2.86,192.168.2.91,Reserved,Reserved,information,4,FGDIT,sniffer-profile,DNP3,FGVM02TM24011031,2024-09-07,signature,1725769926892078447
elevated,utm,-0700,21:32:07,Operational.Technology,pass,6,,DNP3_Data.Link.Layer.Function.Unconfirmed.User.Data,Operational.Technology: DNP3_Data.Link.Layer.Function.Unconfirmed.User.Data,20000,app-ctrl,,undefined,port7,51812,61430,206428097,outgoing,,,1059028704,port7,undefined,sniffer,49950,2bb0f70e-4038-51ef-134a-c9f410b48b6f,,root,192.168.2.86,192.168.2.91,Reserved,Reserved,information,4,FGDIT,sniffer-profile,DNP3,FGVM02TM24011031,2024-09-07,signature,1725769926892425364
elevated,utm,-0700,21:32:07,Operational.Technology,pass,6,,DNP3_Confirm,Operational.Technology: DNP3_Confirm,20000,app-ctrl,others,undefined,port7,31756,61430,206428098,outgoing,Null,2 -> 1,1059028704,port7,undefined,sniffer,49950,2bb0f70e-4038-51ef-134a-c9f410b48b6f,,root,192.168.2.86,192.168.2.91,Reserved,Reserved,information,4,FGDIT,sniffer-profile,DNP3,FGVM02TM24011031,2024-09-07,signature,1725769926892516863
elevated,utm,-0700,21:32:07,Operational.Technology,pass,6,,DNP3_Confirm,Operational.Technology: DNP3_Confirm,20000,app-ctrl,,undefined,port7,31756,61430,206428099,outgoing,,,1059028704,port7,undefined,sniffer,49950,2bb0f70e-4038-51ef-134a-c9f410b48b6f,,root,192.168.2.86,192.168.2.91,Reserved,Reserved,information,4,FGDIT,sniffer-profile,DNP3,FGVM02TM24011031,2024-09-07,signature,1725769926892592931
elevated,utm,-0700,21:32:07,Operational.Technology,pass,6,,DNP3_Data.Link.Layer.Function.Unconfirmed.User.Data,Operational.Technology: DNP3_Data.Link.Layer.Function.Unconfirmed.User.Data,20000,app-ctrl,,undefined,port7,51812,61430,206428100,outgoing,,,1059028704,port7,undefined,sniffer,49950,2bb0f70e-4038-51ef-134a-c9f410b48b6f,,root,192.168.2.86,192.168.2.91,Reserved,Reserved,information,4,FGDIT,sniffer-profile,DNP3,FGVM02TM24011031,2024-09-07,signature,1725769926892756824
elevated,utm,-0700,21:32:07,Operational.Technology,pass,6,10,DNP3_Write,Operational.Technology: DNP3_Write,20000,app-ctrl,others,undefined,port7,17842,61430,206428101,outgoing,32 01 07 01 d2 00 9e 9f 80 01,2 -> 1,1059028704,port7,undefined,sniffer,49950,2bb0f70e-4038-51ef-134a-c9f410b48b6f,,root,192.168.2.86,192.168.2.91,Reserved,Reserved,information,4,FGDIT,sniffer-profile,DNP3,FGVM02TM24011031,2024-09-07,signature,1725769926892857189
elevated,utm,-0700,21:32:07,Operational.Technology,pass,6,,DNP3_Data.Link.Layer.Function.Unconfirmed.User.Data,Operational.Technology: DNP3_Data.Link.Layer.Function.Unconfirmed.User.Data,20000,app-ctrl,,undefined,port7,51812,61430,206428102,incoming,,,1059028704,port7,undefined,sniffer,49950,2bb0f70e-4038-51ef-134a-c9f410b48b6f,,root,192.168.2.86,192.168.2.91,Reserved,Reserved,information,4,FGDIT,sniffer-profile,DNP3,FGVM02TM24011031,2024-09-07,signature,1725769926893047987
elevated,utm,-0700,21:32:07,Operational.Technology,pass,6,2,DNP3_Response,Operational.Technology: DNP3_Response,20000,app-ctrl,others,undefined,port7,31817,61430,206428103,incoming,80 00,1 -> 2,1059028704,port7,undefined,sniffer,49950,2bb0f70e-4038-51ef-134a-c9f410b48b6f,,root,192.168.2.86,192.168.2.91,Reserved,Reserved,information,4,FGDIT,sniffer-profile,DNP3,FGVM02TM24011031,2024-09-07,signature,1725769926893135572
low,utm,-0700,21:32:07,IoT,pass,6,,DNP.DNP3,IoT: DNP.DNP3,20000,app-ctrl,,undefined,port7,10003728,61430,206428104,incoming,,,1059028704,port7,undefined,sniffer,49950,2bb0f70e-4038-51ef-134a-c9f410b48b6f,"Vendor=DNP, Product=DNP3",root,192.168.2.86,192.168.2.91,Reserved,Reserved,information,4,FGDIT,sniffer-profile,DNP3,FGVM02TM24011031,2024-09-07,signature,1725769926893226006
elevated,utm,-0700,21:32:07,Operational.Technology,pass,6,,DNP3_Data.Link.Layer.Function.Unconfirmed.User.Data,Operational.Technology: DNP3_Data.Link.Layer.Function.Unconfirmed.User.Data,20000,app-ctrl,,undefined,port7,51812,61430,206428105,outgoing,,,1059028704,port7,undefined,sniffer,49950,2bb0f70e-4038-51ef-134a-c9f410b48b6f,,root,192.168.2.86,192.168.2.91,Reserved,Reserved,information,4,FGDIT,sniffer-profile,DNP3,FGVM02TM24011031,2024-09-07,signature,1725769926893523289
elevated,utm,-0700,21:32:07,Operational.Technology,pass,6,6,DNP3_Write,Operational.Technology: DNP3_Write,20000,app-ctrl,others,undefined,port7,17842,61430,206428106,outgoing,50 01 00 07 07 00,2 -> 1,1059028704,port7,undefined,sniffer,49950,2bb0f70e-4038-51ef-134a-c9f410b48b6f,,root,192.168.2.86,192.168.2.91,Reserved,Reserved,information,4,FGDIT,sniffer-profile,DNP3,FGVM02TM24011031,2024-09-07,signature,1725769926893663586
elevated,utm,-0700,21:32:07,Operational.Technology,pass,6,,DNP3_Write,Operational.Technology: DNP3_Write,20000,app-ctrl,,undefined,port7,17842,61430,206428107,outgoing,,,1059028704,port7,undefined,sniffer,49950,2bb0f70e-4038-51ef-134a-c9f410b48b6f,,root,192.168.2.86,192.168.2.91,Reserved,Reserved,information,4,FGDIT,sniffer-profile,DNP3,FGVM02TM24011031,2024-09-07,signature,1725769926893733748
elevated,utm,-0700,21:32:07,Operational.Technology,pass,6,,DNP3_Data.Link.Layer.Function.Unconfirmed.User.Data,Operational.Technology: DNP3_Data.Link.Layer.Function.Unconfirmed.User.Data,20000,app-ctrl,,undefined,port7,51812,61430,206428108,incoming,,,1059028704,port7,undefined,sniffer,49950,2bb0f70e-4038-51ef-134a-c9f410b48b6f,,root,192.168.2.86,192.168.2.91,Reserved,Reserved,information,4,FGDIT,sniffer-profile,DNP3,FGVM02TM24011031,2024-09-07,signature,1725769926893858626
elevated,utm,-0700,21:32:07,Operational.Technology,pass,6,2,DNP3_Response,Operational.Technology: DNP3_Response,20000,app-ctrl,others,undefined,port7,31817,61430,206428109,incoming,00 00,1 -> 2,1059028704,port7,undefined,sniffer,49950,2bb0f70e-4038-51ef-134a-c9f410b48b6f,,root,192.168.2.86,192.168.2.91,Reserved,Reserved,information,4,FGDIT,sniffer-profile,DNP3,FGVM02TM24011031,2024-09-07,signature,1725769926893932753
low,utm,-0700,21:32:07,IoT,pass,6,,DNP.DNP3,IoT: DNP.DNP3,20000,app-ctrl,,undefined,port7,10003728,61430,206428110,incoming,,,1059028704,port7,undefined,sniffer,49950,2bb0f70e-4038-51ef-134a-c9f410b48b6f,"Vendor=DNP, Product=DNP3",root,192.168.2.86,192.168.2.91,Reserved,Reserved,information,4,FGDIT,sniffer-profile,DNP3,FGVM02TM24011031,2024-09-07,signature,1725769926894023979
elevated,utm,-0700,21:32:07,Operational.Technology,pass,6,9,DNP3_Class.Dump,Operational.Technology: DNP3_Class.Dump,20000,app-ctrl,others,undefined,port7,55662,61430,206428111,outgoing,3c 02 06 3c 03 06 3c 04 06,2 -> 1,1059028704,port7,undefined,sniffer,49950,2bb0f70e-4038-51ef-134a-c9f410b48b6f,,root,192.168.2.86,192.168.2.91,Reserved,Reserved,information,4,FGDIT,sniffer-profile,DNP3,FGVM02TM24011031,2024-09-07,signature,1725769926894291866
elevated,utm,-0700,21:32:07,Operational.Technology,pass,6,,DNP3_Data.Link.Layer.Function.Unconfirmed.User.Data,Operational.Technology: DNP3_Data.Link.Layer.Function.Unconfirmed.User.Data,20000,app-ctrl,,undefined,port7,51812,61430,206428112,outgoing,,,1059028704,port7,undefined,sniffer,49950,2bb0f70e-4038-51ef-134a-c9f410b48b6f,,root,192.168.2.86,192.168.2.91,Reserved,Reserved,information,4,FGDIT,sniffer-profile,DNP3,FGVM02TM24011031,2024-09-07,signature,1725769926894349537
elevated,utm,-0700,21:32:07,Operational.Technology,pass,6,9,DNP3_Read,Operational.Technology: DNP3_Read,20000,app-ctrl,others,undefined,port7,17843,61430,206428113,outgoing,3c 02 06 3c 03 06 3c 04 06,2 -> 1,1059028704,port7,undefined,sniffer,49950,2bb0f70e-4038-51ef-134a-c9f410b48b6f,,root,192.168.2.86,192.168.2.91,Reserved,Reserved,information,4,FGDIT,sniffer-profile,DNP3,FGVM02TM24011031,2024-09-07,signature,1725769926894435299
elevated,utm,-0700,21:32:07,Operational.Technology,pass,6,,DNP3_Read,Operational.Technology: DNP3_Read,20000,app-ctrl,,undefined,port7,17843,61430,206428114,outgoing,,,1059028704,port7,undefined,sniffer,49950,2bb0f70e-4038-51ef-134a-c9f410b48b6f,,root,192.168.2.86,192.168.2.91,Reserved,Reserved,information,4,FGDIT,sniffer-profile,DNP3,FGVM02TM24011031,2024-09-07,signature,1725769926894496959
elevated,utm,-0700,21:32:07,Operational.Technology,pass,6,,DNP3_Data.Link.Layer.Function.Unconfirmed.User.Data,Operational.Technology: DNP3_Data.Link.Layer.Function.Unconfirmed.User.Data,20000,app-ctrl,,undefined,port7,51812,61430,206428115,incoming,,,1059028704,port7,undefined,sniffer,49950,2bb0f70e-4038-51ef-134a-c9f410b48b6f,,root,192.168.2.86,192.168.2.91,Reserved,Reserved,information,4,FGDIT,sniffer-profile,DNP3,FGVM02TM24011031,2024-09-07,signature,1725769926894592555
elevated,utm,-0700,21:32:07,Operational.Technology,pass,6,2,DNP3_Response,Operational.Technology: DNP3_Response,20000,app-ctrl,others,undefined,port7,31817,61430,206428116,incoming,00 00,1 -> 2,1059028704,port7,undefined,sniffer,49950,2bb0f70e-4038-51ef-134a-c9f410b48b6f,,root,192.168.2.86,192.168.2.91,Reserved,Reserved,information,4,FGDIT,sniffer-profile,DNP3,FGVM02TM24011031,2024-09-07,signature,1725769926894665545
low,utm,-0700,21:32:07,IoT,pass,6,,DNP.DNP3,IoT: DNP.DNP3,20000,app-ctrl,,undefined,port7,10003728,61430,206428117,incoming,,,1059028704,port7,undefined,sniffer,49950,2bb0f70e-4038-51ef-134a-c9f410b48b6f,"Vendor=DNP, Product=DNP3",root,192.168.2.86,192.168.2.91,Reserved,Reserved,information,4,FGDIT,sniffer-profile,DNP3,FGVM02TM24011031,2024-09-07,signature,1725769926894774376
elevated,utm,-0700,21:32:07,Operational.Technology,pass,6,,DNP3_Data.Link.Layer.Function.Unconfirmed.User.Data,Operational.Technology: DNP3_Data.Link.Layer.Function.Unconfirmed.User.Data,20000,app-ctrl,,undefined,port7,51812,61430,206428118,outgoing,,,1059028704,port7,undefined,sniffer,49950,2bb0f70e-4038-51ef-134a-c9f410b48b6f,,root,192.168.2.86,192.168.2.91,Reserved,Reserved,information,4,FGDIT,sniffer-profile,DNP3,FGVM02TM24011031,2024-09-07,signature,1725769926895016049
elevated,utm,-0700,21:32:07,Operational.Technology,pass,6,12,DNP3_Read,Operational.Technology: DNP3_Read,20000,app-ctrl,others,undefined,port7,17843,61430,206428119,outgoing,3c 01 06 3c 02 06 3c 03 06 3c 04 06,2 -> 1,1059028704,port7,undefined,sniffer,49950,2bb0f70e-4038-51ef-134a-c9f410b48b6f,,root,192.168.2.86,192.168.2.91,Reserved,Reserved,information,4,FGDIT,sniffer-profile,DNP3,FGVM02TM24011031,2024-09-07,signature,1725769926895111171
elevated,utm,-0700,21:32:07,Operational.Technology,pass,6,,DNP3_Read,Operational.Technology: DNP3_Read,20000,app-ctrl,,undefined,port7,17843,61430,206428120,outgoing,,,1059028704,port7,undefined,sniffer,49950,2bb0f70e-4038-51ef-134a-c9f410b48b6f,,root,192.168.2.86,192.168.2.91,Reserved,Reserved,information,4,FGDIT,sniffer-profile,DNP3,FGVM02TM24011031,2024-09-07,signature,1725769926895171826
elevated,utm,-0700,21:32:07,Operational.Technology,pass,6,,DNP3_Data.Link.Layer.Function.Unconfirmed.User.Data,Operational.Technology: DNP3_Data.Link.Layer.Function.Unconfirmed.User.Data,20000,app-ctrl,,undefined,port7,51812,61430,206428121,incoming,,,1059028704,port7,undefined,sniffer,49950,2bb0f70e-4038-51ef-134a-c9f410b48b6f,,root,192.168.2.86,192.168.2.91,Reserved,Reserved,information,4,FGDIT,sniffer-profile,DNP3,FGVM02TM24011031,2024-09-07,signature,1725769926895325682
elevated,utm,-0700,21:32:07,Operational.Technology,pass,6,60,DNP3_Response,Operational.Technology: DNP3_Response,20000,app-ctrl,others,undefined,port7,31817,61430,206428122,incoming,00 00 01 02 00 00 00 01 03 02 00 00 00 76 78 01 14 01 00 00 00 01 00 00 00 00 15 01 00 00 00 73 7e 01 00 00 00 00 1e 05 00 00 00 01 00 00 00 00 0a 0d 6b 02 00 00 00 01 28 03 00 00,1 -> 2,1059028704,port7,undefined,sniffer,49950,2bb0f70e-4038-51ef-134a-c9f410b48b6f,,root,192.168.2.86,192.168.2.91,Reserved,Reserved,information,4,FGDIT,sniffer-profile,DNP3,FGVM02TM24011031,2024-09-07,signature,1725769926895400239
low,utm,-0700,21:32:07,IoT,pass,6,,DNP.DNP3,IoT: DNP.DNP3,20000,app-ctrl,,undefined,port7,10003728,61430,206428123,incoming,,,1059028704,port7,undefined,sniffer,49950,2bb0f70e-4038-51ef-134a-c9f410b48b6f,"Vendor=DNP, Product=DNP3",root,192.168.2.86,192.168.2.91,Reserved,Reserved,information,4,FGDIT,sniffer-profile,DNP3,FGVM02TM24011031,2024-09-07,signature,1725769926895574397
elevated,utm,-0700,21:32:07,Operational.Technology,pass,6,9,DNP3_Class.Dump,Operational.Technology: DNP3_Class.Dump,20000,app-ctrl,others,undefined,port7,55662,61430,206428124,outgoing,3c 02 06 3c 03 06 3c 04 06,2 -> 1,1059028704,port7,undefined,sniffer,49950,2bb0f70e-4038-51ef-134a-c9f410b48b6f,,root,192.168.2.86,192.168.2.91,Reserved,Reserved,information,4,FGDIT,sniffer-profile,DNP3,FGVM02TM24011031,2024-09-07,signature,1725769926895837112
elevated,utm,-0700,21:32:07,Operational.Technology,pass,6,,DNP3_Data.Link.Layer.Function.Unconfirmed.User.Data,Operational.Technology: DNP3_Data.Link.Layer.Function.Unconfirmed.User.Data,20000,app-ctrl,,undefined,port7,51812,61430,206428125,outgoing,,,1059028704,port7,undefined,sniffer,49950,2bb0f70e-4038-51ef-134a-c9f410b48b6f,,root,192.168.2.86,192.168.2.91,Reserved,Reserved,information,4,FGDIT,sniffer-profile,DNP3,FGVM02TM24011031,2024-09-07,signature,1725769926895910804
elevated,utm,-0700,21:32:07,Operational.Technology,pass,6,9,DNP3_Read,Operational.Technology: DNP3_Read,20000,app-ctrl,others,undefined,port7,17843,61430,206428126,outgoing,3c 02 06 3c 03 06 3c 04 06,2 -> 1,1059028704,port7,undefined,sniffer,49950,2bb0f70e-4038-51ef-134a-c9f410b48b6f,,root,192.168.2.86,192.168.2.91,Reserved,Reserved,information,4,FGDIT,sniffer-profile,DNP3,FGVM02TM24011031,2024-09-07,signature,1725769926895992861
elevated,utm,-0700,21:32:07,Operational.Technology,pass,6,,DNP3_Read,Operational.Technology: DNP3_Read,20000,app-ctrl,,undefined,port7,17843,61430,206428127,outgoing,,,1059028704,port7,undefined,sniffer,49950,2bb0f70e-4038-51ef-134a-c9f410b48b6f,,root,192.168.2.86,192.168.2.91,Reserved,Reserved,information,4,FGDIT,sniffer-profile,DNP3,FGVM02TM24011031,2024-09-07,signature,1725769926896059757
elevated,utm,-0700,21:32:07,Operational.Technology,pass,6,,DNP3_Data.Link.Layer.Function.Unconfirmed.User.Data,Operational.Technology: DNP3_Data.Link.Layer.Function.Unconfirmed.User.Data,20000,app-ctrl,,undefined,port7,51812,61430,206428128,incoming,,,1059028704,port7,undefined,sniffer,49950,2bb0f70e-4038-51ef-134a-c9f410b48b6f,,root,192.168.2.86,192.168.2.91,Reserved,Reserved,information,4,FGDIT,sniffer-profile,DNP3,FGVM02TM24011031,2024-09-07,signature,1725769926896156164
elevated,utm,-0700,21:32:07,Operational.Technology,pass,6,2,DNP3_Response,Operational.Technology: DNP3_Response,20000,app-ctrl,others,undefined,port7,31817,61430,206428129,incoming,00 00,1 -> 2,1059028704,port7,undefined,sniffer,49950,2bb0f70e-4038-51ef-134a-c9f410b48b6f,,root,192.168.2.86,192.168.2.91,Reserved,Reserved,information,4,FGDIT,sniffer-profile,DNP3,FGVM02TM24011031,2024-09-07,signature,1725769926896228354
low,utm,-0700,21:32:07,IoT,pass,6,,DNP.DNP3,IoT: DNP.DNP3,20000,app-ctrl,,undefined,port7,10003728,61430,206428130,incoming,,,1059028704,port7,undefined,sniffer,49950,2bb0f70e-4038-51ef-134a-c9f410b48b6f,"Vendor=DNP, Product=DNP3",root,192.168.2.86,192.168.2.91,Reserved,Reserved,information,4,FGDIT,sniffer-profile,DNP3,FGVM02TM24011031,2024-09-07,signature,1725769926896331960
elevated,utm,-0700,21:32:07,Operational.Technology,pass,6,9,DNP3_Class.Dump,Operational.Technology: DNP3_Class.Dump,20000,app-ctrl,others,undefined,port7,55662,61430,206428131,outgoing,3c 02 06 3c 03 06 3c 04 06,2 -> 1,1059028704,port7,undefined,sniffer,49950,2bb0f70e-4038-51ef-134a-c9f410b48b6f,,root,192.168.2.86,192.168.2.91,Reserved,Reserved,information,4,FGDIT,sniffer-profile,DNP3,FGVM02TM24011031,2024-09-07,signature,1725769926896607555
elevated,utm,-0700,21:32:07,Operational.Technology,pass,6,,DNP3_Data.Link.Layer.Function.Unconfirmed.User.Data,Operational.Technology: DNP3_Data.Link.Layer.Function.Unconfirmed.User.Data,20000,app-ctrl,,undefined,port7,51812,61430,206428132,outgoing,,,1059028704,port7,undefined,sniffer,49950,2bb0f70e-4038-51ef-134a-c9f410b48b6f,,root,192.168.2.86,192.168.2.91,Reserved,Reserved,information,4,FGDIT,sniffer-profile,DNP3,FGVM02TM24011031,2024-09-07,signature,1725769926896665036
elevated,utm,-0700,21:32:07,Operational.Technology,pass,6,9,DNP3_Read,Operational.Technology: DNP3_Read,20000,app-ctrl,others,undefined,port7,17843,61430,206428133,outgoing,3c 02 06 3c 03 06 3c 04 06,2 -> 1,1059028704,port7,undefined,sniffer,49950,2bb0f70e-4038-51ef-134a-c9f410b48b6f,,root,192.168.2.86,192.168.2.91,Reserved,Reserved,information,4,FGDIT,sniffer-profile,DNP3,FGVM02TM24011031,2024-09-07,signature,1725769926896758120
elevated,utm,-0700,21:32:07,Operational.Technology,pass,6,,DNP3_Read,Operational.Technology: DNP3_Read,20000,app-ctrl,,undefined,port7,17843,61430,206428134,outgoing,,,1059028704,port7,undefined,sniffer,49950,2bb0f70e-4038-51ef-134a-c9f410b48b6f,,root,192.168.2.86,192.168.2.91,Reserved,Reserved,information,4,FGDIT,sniffer-profile,DNP3,FGVM02TM24011031,2024-09-07,signature,1725769926896818402
elevated,utm,-0700,21:32:07,Operational.Technology,pass,6,,DNP3_Data.Link.Layer.Function.Unconfirmed.User.Data,Operational.Technology: DNP3_Data.Link.Layer.Function.Unconfirmed.User.Data,20000,app-ctrl,,undefined,port7,51812,61430,206428135,incoming,,,1059028704,port7,undefined,sniffer,49950,2bb0f70e-4038-51ef-134a-c9f410b48b6f,,root,192.168.2.86,192.168.2.91,Reserved,Reserved,information,4,FGDIT,sniffer-profile,DNP3,FGVM02TM24011031,2024-09-07,signature,1725769926896913226
elevated,utm,-0700,21:32:07,Operational.Technology,pass,6,2,DNP3_Response,Operational.Technology: DNP3_Response,20000,app-ctrl,others,undefined,port7,31817,61430,206428136,incoming,00 00,1 -> 2,1059028704,port7,undefined,sniffer,49950,2bb0f70e-4038-51ef-134a-c9f410b48b6f,,root,192.168.2.86,192.168.2.91,Reserved,Reserved,information,4,FGDIT,sniffer-profile,DNP3,FGVM02TM24011031,2024-09-07,signature,1725769926896998326
low,utm,-0700,21:32:07,IoT,pass,6,,DNP.DNP3,IoT: DNP.DNP3,20000,app-ctrl,,undefined,port7,10003728,61430,206428137,incoming,,,1059028704,port7,undefined,sniffer,49950,2bb0f70e-4038-51ef-134a-c9f410b48b6f,"Vendor=DNP, Product=DNP3",root,192.168.2.86,192.168.2.91,Reserved,Reserved,information,4,FGDIT,sniffer-profile,DNP3,FGVM02TM24011031,2024-09-07,signature,1725769926897086900
elevated,utm,-0700,21:32:07,Operational.Technology,pass,6,,DNP3_Data.Link.Layer.Function.Unconfirmed.User.Data,Operational.Technology: DNP3_Data.Link.Layer.Function.Unconfirmed.User.Data,20000,app-ctrl,,undefined,port7,51812,61430,206428138,outgoing,,,1059028704,port7,undefined,sniffer,49950,2bb0f70e-4038-51ef-134a-c9f410b48b6f,,root,192.168.2.86,192.168.2.91,Reserved,Reserved,information,4,FGDIT,sniffer-profile,DNP3,FGVM02TM24011031,2024-09-07,signature,1725769926897317700
elevated,utm,-0700,21:32:07,Operational.Technology,pass,6,12,DNP3_Read,Operational.Technology: DNP3_Read,20000,app-ctrl,others,undefined,port7,17843,61430,206428139,outgoing,3c 01 06 3c 02 06 3c 03 06 3c 04 06,2 -> 1,1059028704,port7,undefined,sniffer,49950,2bb0f70e-4038-51ef-134a-c9f410b48b6f,,root,192.168.2.86,192.168.2.91,Reserved,Reserved,information,4,FGDIT,sniffer-profile,DNP3,FGVM02TM24011031,2024-09-07,signature,1725769926897410412
elevated,utm,-0700,21:32:07,Operational.Technology,pass,6,,DNP3_Read,Operational.Technology: DNP3_Read,20000,app-ctrl,,undefined,port7,17843,61430,206428140,outgoing,,,1059028704,port7,undefined,sniffer,49950,2bb0f70e-4038-51ef-134a-c9f410b48b6f,,root,192.168.2.86,192.168.2.91,Reserved,Reserved,information,4,FGDIT,sniffer-profile,DNP3,FGVM02TM24011031,2024-09-07,signature,1725769926897470594
elevated,utm,-0700,21:32:07,Operational.Technology,pass,6,,DNP3_Data.Link.Layer.Function.Unconfirmed.User.Data,Operational.Technology: DNP3_Data.Link.Layer.Function.Unconfirmed.User.Data,20000,app-ctrl,,undefined,port7,51812,61430,206428141,incoming,,,1059028704,port7,undefined,sniffer,49950,2bb0f70e-4038-51ef-134a-c9f410b48b6f,,root,192.168.2.86,192.168.2.91,Reserved,Reserved,information,4,FGDIT,sniffer-profile,DNP3,FGVM02TM24011031,2024-09-07,signature,1725769926897595258
elevated,utm,-0700,21:32:07,Operational.Technology,pass,6,60,DNP3_Response,Operational.Technology: DNP3_Response,20000,app-ctrl,others,undefined,port7,31817,61430,206428142,incoming,00 00 01 02 00 00 00 01 03 02 00 00 00 e3 35 01 14 01 00 00 00 01 00 00 00 00 15 01 00 00 00 73 7e 01 00 00 00 00 1e 05 00 00 00 01 00 00 00 00 0a 0d 6b 02 00 00 00 01 28 03 00 00,1 -> 2,1059028704,port7,undefined,sniffer,49950,2bb0f70e-4038-51ef-134a-c9f410b48b6f,,root,192.168.2.86,192.168.2.91,Reserved,Reserved,information,4,FGDIT,sniffer-profile,DNP3,FGVM02TM24011031,2024-09-07,signature,1725769926897669579
low,utm,-0700,21:32:07,IoT,pass,6,,DNP.DNP3,IoT: DNP.DNP3,20000,app-ctrl,,undefined,port7,10003728,61430,206428143,incoming,,,1059028704,port7,undefined,sniffer,49950,2bb0f70e-4038-51ef-134a-c9f410b48b6f,"Vendor=DNP, Product=DNP3",root,192.168.2.86,192.168.2.91,Reserved,Reserved,information,4,FGDIT,sniffer-profile,DNP3,FGVM02TM24011031,2024-09-07,signature,1725769926897759193
elevated,utm,-0700,21:32:07,Operational.Technology,pass,6,9,DNP3_Class.Dump,Operational.Technology: DNP3_Class.Dump,20000,app-ctrl,others,undefined,port7,55662,61430,206428144,outgoing,3c 02 06 3c 03 06 3c 04 06,2 -> 1,1059028704,port7,undefined,sniffer,49950,2bb0f70e-4038-51ef-134a-c9f410b48b6f,,root,192.168.2.86,192.168.2.91,Reserved,Reserved,information,4,FGDIT,sniffer-profile,DNP3,FGVM02TM24011031,2024-09-07,signature,1725769926897998180
elevated,utm,-0700,21:32:07,Operational.Technology,pass,6,,DNP3_Data.Link.Layer.Function.Unconfirmed.User.Data,Operational.Technology: DNP3_Data.Link.Layer.Function.Unconfirmed.User.Data,20000,app-ctrl,,undefined,port7,51812,61430,206428145,outgoing,,,1059028704,port7,undefined,sniffer,49950,2bb0f70e-4038-51ef-134a-c9f410b48b6f,,root,192.168.2.86,192.168.2.91,Reserved,Reserved,information,4,FGDIT,sniffer-profile,DNP3,FGVM02TM24011031,2024-09-07,signature,1725769926898061896
elevated,utm,-0700,21:32:07,Operational.Technology,pass,6,9,DNP3_Read,Operational.Technology: DNP3_Read,20000,app-ctrl,others,undefined,port7,17843,61430,206428146,outgoing,3c 02 06 3c 03 06 3c 04 06,2 -> 1,1059028704,port7,undefined,sniffer,49950,2bb0f70e-4038-51ef-134a-c9f410b48b6f,,root,192.168.2.86,192.168.2.91,Reserved,Reserved,information,4,FGDIT,sniffer-profile,DNP3,FGVM02TM24011031,2024-09-07,signature,1725769926898140312
elevated,utm,-0700,21:32:07,Operational.Technology,pass,6,,DNP3_Read,Operational.Technology: DNP3_Read,20000,app-ctrl,,undefined,port7,17843,61430,206428147,outgoing,,,1059028704,port7,undefined,sniffer,49950,2bb0f70e-4038-51ef-134a-c9f410b48b6f,,root,192.168.2.86,192.168.2.91,Reserved,Reserved,information,4,FGDIT,sniffer-profile,DNP3,FGVM02TM24011031,2024-09-07,signature,1725769926898206694
elevated,utm,-0700,21:32:07,Operational.Technology,pass,6,,DNP3_Data.Link.Layer.Function.Unconfirmed.User.Data,Operational.Technology: DNP3_Data.Link.Layer.Function.Unconfirmed.User.Data,20000,app-ctrl,,undefined,port7,51812,61430,206428148,incoming,,,1059028704,port7,undefined,sniffer,49950,2bb0f70e-4038-51ef-134a-c9f410b48b6f,,root,192.168.2.86,192.168.2.91,Reserved,Reserved,information,4,FGDIT,sniffer-profile,DNP3,FGVM02TM24011031,2024-09-07,signature,1725769926898299349
elevated,utm,-0700,21:32:07,Operational.Technology,pass,6,2,DNP3_Response,Operational.Technology: DNP3_Response,20000,app-ctrl,others,undefined,port7,31817,61430,206428149,incoming,00 00,1 -> 2,1059028704,port7,undefined,sniffer,49950,2bb0f70e-4038-51ef-134a-c9f410b48b6f,,root,192.168.2.86,192.168.2.91,Reserved,Reserved,information,4,FGDIT,sniffer-profile,DNP3,FGVM02TM24011031,2024-09-07,signature,1725769926898370332
low,utm,-0700,21:32:07,IoT,pass,6,,DNP.DNP3,IoT: DNP.DNP3,20000,app-ctrl,,undefined,port7,10003728,61430,206428150,incoming,,,1059028704,port7,undefined,sniffer,49950,2bb0f70e-4038-51ef-134a-c9f410b48b6f,"Vendor=DNP, Product=DNP3",root,192.168.2.86,192.168.2.91,Reserved,Reserved,information,4,FGDIT,sniffer-profile,DNP3,FGVM02TM24011031,2024-09-07,signature,1725769926898459817
elevated,utm,-0700,21:32:07,Operational.Technology,pass,6,,DNP3_Data.Link.Layer.Function.Unconfirmed.User.Data,Operational.Technology: DNP3_Data.Link.Layer.Function.Unconfirmed.User.Data,20000,app-ctrl,,undefined,port7,51812,61430,206428151,outgoing,,,1059028704,port7,undefined,sniffer,49950,2bb0f70e-4038-51ef-134a-c9f410b48b6f,,root,192.168.2.86,192.168.2.91,Reserved,Reserved,information,4,FGDIT,sniffer-profile,DNP3,FGVM02TM24011031,2024-09-07,signature,1725769926898689705
elevated,utm,-0700,21:32:07,Operational.Technology,pass,6,3,DNP3_Read,Operational.Technology: DNP3_Read,20000,app-ctrl,others,undefined,port7,17843,61430,206428152,outgoing,00 fc 06,2 -> 1,1059028704,port7,undefined,sniffer,49950,2bb0f70e-4038-51ef-134a-c9f410b48b6f,,root,192.168.2.86,192.168.2.91,Reserved,Reserved,information,4,FGDIT,sniffer-profile,DNP3,FGVM02TM24011031,2024-09-07,signature,1725769926898773943
elevated,utm,-0700,21:32:07,Operational.Technology,pass,6,,DNP3_Read,Operational.Technology: DNP3_Read,20000,app-ctrl,,undefined,port7,17843,61430,206428153,outgoing,,,1059028704,port7,undefined,sniffer,49950,2bb0f70e-4038-51ef-134a-c9f410b48b6f,,root,192.168.2.86,192.168.2.91,Reserved,Reserved,information,4,FGDIT,sniffer-profile,DNP3,FGVM02TM24011031,2024-09-07,signature,1725769926898840007
elevated,utm,-0700,21:32:07,Operational.Technology,pass,6,,DNP3_Data.Link.Layer.Function.Unconfirmed.User.Data,Operational.Technology: DNP3_Data.Link.Layer.Function.Unconfirmed.User.Data,20000,app-ctrl,,undefined,port7,51812,61430,206428154,incoming,,,1059028704,port7,undefined,sniffer,49950,2bb0f70e-4038-51ef-134a-c9f410b48b6f,,root,192.168.2.86,192.168.2.91,Reserved,Reserved,information,4,FGDIT,sniffer-profile,DNP3,FGVM02TM24011031,2024-09-07,signature,1725769926898937143
elevated,utm,-0700,21:32:07,Operational.Technology,pass,6,37,DNP3_Response,Operational.Technology: DNP3_Response,20000,app-ctrl,others,undefined,port7,31817,61430,206428155,incoming,00 00 00 fc 00 00 00 01 1c 46 72 65 79 e5 f3 72 53 43 41 44 41 20 45 6d 62 65 64 64 65 64 20 29 cc 53 6f 6c 75,1 -> 2,1059028704,port7,undefined,sniffer,49950,2bb0f70e-4038-51ef-134a-c9f410b48b6f,,root,192.168.2.86,192.168.2.91,Reserved,Reserved,information,4,FGDIT,sniffer-profile,DNP3,FGVM02TM24011031,2024-09-07,signature,1725769926899029932
low,utm,-0700,21:32:07,IoT,pass,6,,DNP.DNP3,IoT: DNP.DNP3,20000,app-ctrl,,undefined,port7,10003728,61430,206428156,incoming,,,1059028704,port7,undefined,sniffer,49950,2bb0f70e-4038-51ef-134a-c9f410b48b6f,"Vendor=DNP, Product=DNP3",root,192.168.2.86,192.168.2.91,Reserved,Reserved,information,4,FGDIT,sniffer-profile,DNP3,FGVM02TM24011031,2024-09-07,signature,1725769926899110445
elevated,utm,-0700,21:32:07,Operational.Technology,pass,6,9,DNP3_Class.Dump,Operational.Technology: DNP3_Class.Dump,20000,app-ctrl,others,undefined,port7,55662,61430,206428157,outgoing,3c 02 06 3c 03 06 3c 04 06,2 -> 1,1059028704,port7,undefined,sniffer,49950,2bb0f70e-4038-51ef-134a-c9f410b48b6f,,root,192.168.2.86,192.168.2.91,Reserved,Reserved,information,4,FGDIT,sniffer-profile,DNP3,FGVM02TM24011031,2024-09-07,signature,1725769926899349728
elevated,utm,-0700,21:32:07,Operational.Technology,pass,6,,DNP3_Data.Link.Layer.Function.Unconfirmed.User.Data,Operational.Technology: DNP3_Data.Link.Layer.Function.Unconfirmed.User.Data,20000,app-ctrl,,undefined,port7,51812,61430,206428158,outgoing,,,1059028704,port7,undefined,sniffer,49950,2bb0f70e-4038-51ef-134a-c9f410b48b6f,,root,192.168.2.86,192.168.2.91,Reserved,Reserved,information,4,FGDIT,sniffer-profile,DNP3,FGVM02TM24011031,2024-09-07,signature,1725769926899406657
elevated,utm,-0700,21:32:07,Operational.Technology,pass,6,9,DNP3_Read,Operational.Technology: DNP3_Read,20000,app-ctrl,others,undefined,port7,17843,61430,206428159,outgoing,3c 02 06 3c 03 06 3c 04 06,2 -> 1,1059028704,port7,undefined,sniffer,49950,2bb0f70e-4038-51ef-134a-c9f410b48b6f,,root,192.168.2.86,192.168.2.91,Reserved,Reserved,information,4,FGDIT,sniffer-profile,DNP3,FGVM02TM24011031,2024-09-07,signature,1725769926899491845
elevated,utm,-0700,21:32:07,Operational.Technology,pass,6,,DNP3_Read,Operational.Technology: DNP3_Read,20000,app-ctrl,,undefined,port7,17843,61430,206428160,outgoing,,,1059028704,port7,undefined,sniffer,49950,2bb0f70e-4038-51ef-134a-c9f410b48b6f,,root,192.168.2.86,192.168.2.91,Reserved,Reserved,information,4,FGDIT,sniffer-profile,DNP3,FGVM02TM24011031,2024-09-07,signature,1725769926899552018
elevated,utm,-0700,21:32:07,Operational.Technology,pass,6,,DNP3_Data.Link.Layer.Function.Unconfirmed.User.Data,Operational.Technology: DNP3_Data.Link.Layer.Function.Unconfirmed.User.Data,20000,app-ctrl,,undefined,port7,51812,61430,206428161,incoming,,,1059028704,port7,undefined,sniffer,49950,2bb0f70e-4038-51ef-134a-c9f410b48b6f,,root,192.168.2.86,192.168.2.91,Reserved,Reserved,information,4,FGDIT,sniffer-profile,DNP3,FGVM02TM24011031,2024-09-07,signature,1725769926899651206
elevated,utm,-0700,21:32:07,Operational.Technology,pass,6,2,DNP3_Response,Operational.Technology: DNP3_Response,20000,app-ctrl,others,undefined,port7,31817,61430,206428162,incoming,00 00,1 -> 2,1059028704,port7,undefined,sniffer,49950,2bb0f70e-4038-51ef-134a-c9f410b48b6f,,root,192.168.2.86,192.168.2.91,Reserved,Reserved,information,4,FGDIT,sniffer-profile,DNP3,FGVM02TM24011031,2024-09-07,signature,1725769926899716303
low,utm,-0700,21:32:07,IoT,pass,6,,DNP.DNP3,IoT: DNP.DNP3,20000,app-ctrl,,undefined,port7,10003728,61430,206428163,incoming,,,1059028704,port7,undefined,sniffer,49950,2bb0f70e-4038-51ef-134a-c9f410b48b6f,"Vendor=DNP, Product=DNP3",root,192.168.2.86,192.168.2.91,Reserved,Reserved,information,4,FGDIT,sniffer-profile,DNP3,FGVM02TM24011031,2024-09-07,signature,1725769926899804661
elevated,utm,-0700,21:32:07,Operational.Technology,pass,6,,DNP3_Data.Link.Layer.Function.Unconfirmed.User.Data,Operational.Technology: DNP3_Data.Link.Layer.Function.Unconfirmed.User.Data,20000,app-ctrl,,undefined,port7,51812,61430,206428164,outgoing,,,1059028704,port7,undefined,sniffer,49950,2bb0f70e-4038-51ef-134a-c9f410b48b6f,,root,192.168.2.86,192.168.2.91,Reserved,Reserved,information,4,FGDIT,sniffer-profile,DNP3,FGVM02TM24011031,2024-09-07,signature,1725769926900069974
elevated,utm,-0700,21:32:07,Operational.Technology,pass,6,12,DNP3_Read,Operational.Technology: DNP3_Read,20000,app-ctrl,others,undefined,port7,17843,61430,206428165,outgoing,3c 01 06 3c 02 06 3c 03 06 3c 04 06,2 -> 1,1059028704,port7,undefined,sniffer,49950,2bb0f70e-4038-51ef-134a-c9f410b48b6f,,root,192.168.2.86,192.168.2.91,Reserved,Reserved,information,4,FGDIT,sniffer-profile,DNP3,FGVM02TM24011031,2024-09-07,signature,1725769926900166626
elevated,utm,-0700,21:32:07,Operational.Technology,pass,6,,DNP3_Read,Operational.Technology: DNP3_Read,20000,app-ctrl,,undefined,port7,17843,61430,206428166,outgoing,,,1059028704,port7,undefined,sniffer,49950,2bb0f70e-4038-51ef-134a-c9f410b48b6f,,root,192.168.2.86,192.168.2.91,Reserved,Reserved,information,4,FGDIT,sniffer-profile,DNP3,FGVM02TM24011031,2024-09-07,signature,1725769926900227025
elevated,utm,-0700,21:32:07,Operational.Technology,pass,6,,DNP3_Data.Link.Layer.Function.Unconfirmed.User.Data,Operational.Technology: DNP3_Data.Link.Layer.Function.Unconfirmed.User.Data,20000,app-ctrl,,undefined,port7,51812,61430,206428167,incoming,,,1059028704,port7,undefined,sniffer,49950,2bb0f70e-4038-51ef-134a-c9f410b48b6f,,root,192.168.2.86,192.168.2.91,Reserved,Reserved,information,4,FGDIT,sniffer-profile,DNP3,FGVM02TM24011031,2024-09-07,signature,1725769926900337700
elevated,utm,-0700,21:32:07,Operational.Technology,pass,6,60,DNP3_Response,Operational.Technology: DNP3_Response,20000,app-ctrl,others,undefined,port7,31817,61430,206428168,incoming,00 00 01 02 00 00 00 01 03 02 00 00 00 6a ea 01 14 01 00 00 00 01 00 00 00 00 15 01 00 00 00 73 7e 01 00 00 00 00 1e 05 00 00 00 01 00 00 00 00 0a 0d 6b 02 00 00 00 01 28 03 00 00,1 -> 2,1059028704,port7,undefined,sniffer,49950,2bb0f70e-4038-51ef-134a-c9f410b48b6f,,root,192.168.2.86,192.168.2.91,Reserved,Reserved,information,4,FGDIT,sniffer-profile,DNP3,FGVM02TM24011031,2024-09-07,signature,1725769926900406257
low,utm,-0700,21:32:07,IoT,pass,6,,DNP.DNP3,IoT: DNP.DNP3,20000,app-ctrl,,undefined,port7,10003728,61430,206428169,incoming,,,1059028704,port7,undefined,sniffer,49950,2bb0f70e-4038-51ef-134a-c9f410b48b6f,"Vendor=DNP, Product=DNP3",root,192.168.2.86,192.168.2.91,Reserved,Reserved,information,4,FGDIT,sniffer-profile,DNP3,FGVM02TM24011031,2024-09-07,signature,1725769926900492167
elevated,utm,-0700,21:32:07,Operational.Technology,pass,6,9,DNP3_Class.Dump,Operational.Technology: DNP3_Class.Dump,20000,app-ctrl,others,undefined,port7,55662,61430,206428170,outgoing,3c 02 06 3c 03 06 3c 04 06,2 -> 1,1059028704,port7,undefined,sniffer,49950,2bb0f70e-4038-51ef-134a-c9f410b48b6f,,root,192.168.2.86,192.168.2.91,Reserved,Reserved,information,4,FGDIT,sniffer-profile,DNP3,FGVM02TM24011031,2024-09-07,signature,1725769926900726325
elevated,utm,-0700,21:32:07,Operational.Technology,pass,6,,DNP3_Data.Link.Layer.Function.Unconfirmed.User.Data,Operational.Technology: DNP3_Data.Link.Layer.Function.Unconfirmed.User.Data,20000,app-ctrl,,undefined,port7,51812,61430,206428171,outgoing,,,1059028704,port7,undefined,sniffer,49950,2bb0f70e-4038-51ef-134a-c9f410b48b6f,,root,192.168.2.86,192.168.2.91,Reserved,Reserved,information,4,FGDIT,sniffer-profile,DNP3,FGVM02TM24011031,2024-09-07,signature,1725769926900791201
elevated,utm,-0700,21:32:07,Operational.Technology,pass,6,9,DNP3_Read,Operational.Technology: DNP3_Read,20000,app-ctrl,others,undefined,port7,17843,61430,206428172,outgoing,3c 02 06 3c 03 06 3c 04 06,2 -> 1,1059028704,port7,undefined,sniffer,49950,2bb0f70e-4038-51ef-134a-c9f410b48b6f,,root,192.168.2.86,192.168.2.91,Reserved,Reserved,information,4,FGDIT,sniffer-profile,DNP3,FGVM02TM24011031,2024-09-07,signature,1725769926900870770
elevated,utm,-0700,21:32:07,Operational.Technology,pass,6,,DNP3_Read,Operational.Technology: DNP3_Read,20000,app-ctrl,,undefined,port7,17843,61430,206428173,outgoing,,,1059028704,port7,undefined,sniffer,49950,2bb0f70e-4038-51ef-134a-c9f410b48b6f,,root,192.168.2.86,192.168.2.91,Reserved,Reserved,information,4,FGDIT,sniffer-profile,DNP3,FGVM02TM24011031,2024-09-07,signature,1725769926900959126
elevated,utm,-0700,21:32:07,Operational.Technology,pass,6,,DNP3_Data.Link.Layer.Function.Unconfirmed.User.Data,Operational.Technology: DNP3_Data.Link.Layer.Function.Unconfirmed.User.Data,20000,app-ctrl,,undefined,port7,51812,61430,206428174,incoming,,,1059028704,port7,undefined,sniffer,49950,2bb0f70e-4038-51ef-134a-c9f410b48b6f,,root,192.168.2.86,192.168.2.91,Reserved,Reserved,information,4,FGDIT,sniffer-profile,DNP3,FGVM02TM24011031,2024-09-07,signature,1725769926901051845
elevated,utm,-0700,21:32:07,Operational.Technology,pass,6,2,DNP3_Response,Operational.Technology: DNP3_Response,20000,app-ctrl,others,undefined,port7,31817,61430,206428175,incoming,00 00,1 -> 2,1059028704,port7,undefined,sniffer,49950,2bb0f70e-4038-51ef-134a-c9f410b48b6f,,root,192.168.2.86,192.168.2.91,Reserved,Reserved,information,4,FGDIT,sniffer-profile,DNP3,FGVM02TM24011031,2024-09-07,signature,1725769926901124215
low,utm,-0700,21:32:07,IoT,pass,6,,DNP.DNP3,IoT: DNP.DNP3,20000,app-ctrl,,undefined,port7,10003728,61430,206428176,incoming,,,1059028704,port7,undefined,sniffer,49950,2bb0f70e-4038-51ef-134a-c9f410b48b6f,"Vendor=DNP, Product=DNP3",root,192.168.2.86,192.168.2.91,Reserved,Reserved,information,4,FGDIT,sniffer-profile,DNP3,FGVM02TM24011031,2024-09-07,signature,1725769926901207368
elevated,utm,-0700,21:32:07,Operational.Technology,pass,6,,DNP3_Data.Link.Layer.Function.Unconfirmed.User.Data,Operational.Technology: DNP3_Data.Link.Layer.Function.Unconfirmed.User.Data,20000,app-ctrl,,undefined,port7,51812,61430,206428177,outgoing,,,1059028704,port7,undefined,sniffer,49950,2bb0f70e-4038-51ef-134a-c9f410b48b6f,,root,192.168.2.86,192.168.2.91,Reserved,Reserved,information,4,FGDIT,sniffer-profile,DNP3,FGVM02TM24011031,2024-09-07,signature,1725769926901436614
elevated,utm,-0700,21:32:07,Operational.Technology,pass,6,3,DNP3_Read,Operational.Technology: DNP3_Read,20000,app-ctrl,others,undefined,port7,17843,61430,206428178,outgoing,00 fa 06,2 -> 1,1059028704,port7,undefined,sniffer,49950,2bb0f70e-4038-51ef-134a-c9f410b48b6f,,root,192.168.2.86,192.168.2.91,Reserved,Reserved,information,4,FGDIT,sniffer-profile,DNP3,FGVM02TM24011031,2024-09-07,signature,1725769926901521383
elevated,utm,-0700,21:32:07,Operational.Technology,pass,6,,DNP3_Read,Operational.Technology: DNP3_Read,20000,app-ctrl,,undefined,port7,17843,61430,206428179,outgoing,,,1059028704,port7,undefined,sniffer,49950,2bb0f70e-4038-51ef-134a-c9f410b48b6f,,root,192.168.2.86,192.168.2.91,Reserved,Reserved,information,4,FGDIT,sniffer-profile,DNP3,FGVM02TM24011031,2024-09-07,signature,1725769926901588880
elevated,utm,-0700,21:32:07,Operational.Technology,pass,6,,DNP3_Data.Link.Layer.Function.Unconfirmed.User.Data,Operational.Technology: DNP3_Data.Link.Layer.Function.Unconfirmed.User.Data,20000,app-ctrl,,undefined,port7,51812,61430,206428180,incoming,,,1059028704,port7,undefined,sniffer,49950,2bb0f70e-4038-51ef-134a-c9f410b48b6f,,root,192.168.2.86,192.168.2.91,Reserved,Reserved,information,4,FGDIT,sniffer-profile,DNP3,FGVM02TM24011031,2024-09-07,signature,1725769926901685345
elevated,utm,-0700,21:32:07,Operational.Technology,pass,6,32,DNP3_Response,Operational.Technology: DNP3_Response,20000,app-ctrl,others,undefined,port7,31817,61430,206428181,incoming,00 00 00 fa 00 00 00 01 17 46 72 65 79 48 5c 72 53 43 41 44 41 20 44 4e 50 33 20 4c 69 62 72 c4,1 -> 2,1059028704,port7,undefined,sniffer,49950,2bb0f70e-4038-51ef-134a-c9f410b48b6f,,root,192.168.2.86,192.168.2.91,Reserved,Reserved,information,4,FGDIT,sniffer-profile,DNP3,FGVM02TM24011031,2024-09-07,signature,1725769926901766726
low,utm,-0700,21:32:07,IoT,pass,6,,DNP.DNP3,IoT: DNP.DNP3,20000,app-ctrl,,undefined,port7,10003728,61430,206428182,incoming,,,1059028704,port7,undefined,sniffer,49950,2bb0f70e-4038-51ef-134a-c9f410b48b6f,"Vendor=DNP, Product=DNP3",root,192.168.2.86,192.168.2.91,Reserved,Reserved,information,4,FGDIT,sniffer-profile,DNP3,FGVM02TM24011031,2024-09-07,signature,1725769926901844501
elevated,utm,-0700,21:32:07,Operational.Technology,pass,6,9,DNP3_Class.Dump,Operational.Technology: DNP3_Class.Dump,20000,app-ctrl,others,undefined,port7,55662,61430,206428183,outgoing,3c 02 06 3c 03 06 3c 04 06,2 -> 1,1059028704,port7,undefined,sniffer,49950,2bb0f70e-4038-51ef-134a-c9f410b48b6f,,root,192.168.2.86,192.168.2.91,Reserved,Reserved,information,4,FGDIT,sniffer-profile,DNP3,FGVM02TM24011031,2024-09-07,signature,1725769926902079192
elevated,utm,-0700,21:32:07,Operational.Technology,pass,6,,DNP3_Data.Link.Layer.Function.Unconfirmed.User.Data,Operational.Technology: DNP3_Data.Link.Layer.Function.Unconfirmed.User.Data,20000,app-ctrl,,undefined,port7,51812,61430,206428184,outgoing,,,1059028704,port7,undefined,sniffer,49950,2bb0f70e-4038-51ef-134a-c9f410b48b6f,,root,192.168.2.86,192.168.2.91,Reserved,Reserved,information,4,FGDIT,sniffer-profile,DNP3,FGVM02TM24011031,2024-09-07,signature,1725769926902142540
elevated,utm,-0700,21:32:07,Operational.Technology,pass,6,9,DNP3_Read,Operational.Technology: DNP3_Read,20000,app-ctrl,others,undefined,port7,17843,61430,206428185,outgoing,3c 02 06 3c 03 06 3c 04 06,2 -> 1,1059028704,port7,undefined,sniffer,49950,2bb0f70e-4038-51ef-134a-c9f410b48b6f,,root,192.168.2.86,192.168.2.91,Reserved,Reserved,information,4,FGDIT,sniffer-profile,DNP3,FGVM02TM24011031,2024-09-07,signature,1725769926902228669
elevated,utm,-0700,21:32:07,Operational.Technology,pass,6,,DNP3_Read,Operational.Technology: DNP3_Read,20000,app-ctrl,,undefined,port7,17843,61430,206428186,outgoing,,,1059028704,port7,undefined,sniffer,49950,2bb0f70e-4038-51ef-134a-c9f410b48b6f,,root,192.168.2.86,192.168.2.91,Reserved,Reserved,information,4,FGDIT,sniffer-profile,DNP3,FGVM02TM24011031,2024-09-07,signature,1725769926902288636
elevated,utm,-0700,21:32:07,Operational.Technology,pass,6,,DNP3_Data.Link.Layer.Function.Unconfirmed.User.Data,Operational.Technology: DNP3_Data.Link.Layer.Function.Unconfirmed.User.Data,20000,app-ctrl,,undefined,port7,51812,61430,206428187,incoming,,,1059028704,port7,undefined,sniffer,49950,2bb0f70e-4038-51ef-134a-c9f410b48b6f,,root,192.168.2.86,192.168.2.91,Reserved,Reserved,information,4,FGDIT,sniffer-profile,DNP3,FGVM02TM24011031,2024-09-07,signature,1725769926902384579
elevated,utm,-0700,21:32:07,Operational.Technology,pass,6,2,DNP3_Response,Operational.Technology: DNP3_Response,20000,app-ctrl,others,undefined,port7,31817,61430,206428188,incoming,00 00,1 -> 2,1059028704,port7,undefined,sniffer,49950,2bb0f70e-4038-51ef-134a-c9f410b48b6f,,root,192.168.2.86,192.168.2.91,Reserved,Reserved,information,4,FGDIT,sniffer-profile,DNP3,FGVM02TM24011031,2024-09-07,signature,1725769926902456576
low,utm,-0700,21:32:07,IoT,pass,6,,DNP.DNP3,IoT: DNP.DNP3,20000,app-ctrl,,undefined,port7,10003728,61430,206428189,incoming,,,1059028704,port7,undefined,sniffer,49950,2bb0f70e-4038-51ef-134a-c9f410b48b6f,"Vendor=DNP, Product=DNP3",root,192.168.2.86,192.168.2.91,Reserved,Reserved,information,4,FGDIT,sniffer-profile,DNP3,FGVM02TM24011031,2024-09-07,signature,1725769926902545891
elevated,utm,-0700,21:32:07,Operational.Technology,pass,6,,DNP3_Data.Link.Layer.Function.Unconfirmed.User.Data,Operational.Technology: DNP3_Data.Link.Layer.Function.Unconfirmed.User.Data,20000,app-ctrl,,undefined,port7,51812,61430,206428190,outgoing,,,1059028704,port7,undefined,sniffer,49950,2bb0f70e-4038-51ef-134a-c9f410b48b6f,,root,192.168.2.86,192.168.2.91,Reserved,Reserved,information,4,FGDIT,sniffer-profile,DNP3,FGVM02TM24011031,2024-09-07,signature,1725769926902763979
elevated,utm,-0700,21:32:07,Operational.Technology,pass,6,3,DNP3_Read,Operational.Technology: DNP3_Read,20000,app-ctrl,others,undefined,port7,17843,61430,206428191,outgoing,00 f9 06,2 -> 1,1059028704,port7,undefined,sniffer,49950,2bb0f70e-4038-51ef-134a-c9f410b48b6f,,root,192.168.2.86,192.168.2.91,Reserved,Reserved,information,4,FGDIT,sniffer-profile,DNP3,FGVM02TM24011031,2024-09-07,signature,1725769926902861754
elevated,utm,-0700,21:32:07,Operational.Technology,pass,6,,DNP3_Read,Operational.Technology: DNP3_Read,20000,app-ctrl,,undefined,port7,17843,61430,206428192,outgoing,,,1059028704,port7,undefined,sniffer,49950,2bb0f70e-4038-51ef-134a-c9f410b48b6f,,root,192.168.2.86,192.168.2.91,Reserved,Reserved,information,4,FGDIT,sniffer-profile,DNP3,FGVM02TM24011031,2024-09-07,signature,1725769926902922598
elevated,utm,-0700,21:32:07,Operational.Technology,pass,6,,DNP3_Data.Link.Layer.Function.Unconfirmed.User.Data,Operational.Technology: DNP3_Data.Link.Layer.Function.Unconfirmed.User.Data,20000,app-ctrl,,undefined,port7,51812,61430,206428193,incoming,,,1059028704,port7,undefined,sniffer,49950,2bb0f70e-4038-51ef-134a-c9f410b48b6f,,root,192.168.2.86,192.168.2.91,Reserved,Reserved,information,4,FGDIT,sniffer-profile,DNP3,FGVM02TM24011031,2024-09-07,signature,1725769926903019779
elevated,utm,-0700,21:32:07,Operational.Technology,pass,6,12,DNP3_Response,Operational.Technology: DNP3_Response,20000,app-ctrl,others,undefined,port7,31817,61430,206428194,incoming,00 00 00 f9 00 00 00 01 03 33 2e 31,1 -> 2,1059028704,port7,undefined,sniffer,49950,2bb0f70e-4038-51ef-134a-c9f410b48b6f,,root,192.168.2.86,192.168.2.91,Reserved,Reserved,information,4,FGDIT,sniffer-profile,DNP3,FGVM02TM24011031,2024-09-07,signature,1725769926903085136
low,utm,-0700,21:32:07,IoT,pass,6,,DNP.DNP3,IoT: DNP.DNP3,20000,app-ctrl,,undefined,port7,10003728,61430,206428195,incoming,,,1059028704,port7,undefined,sniffer,49950,2bb0f70e-4038-51ef-134a-c9f410b48b6f,"Vendor=DNP, Product=DNP3",root,192.168.2.86,192.168.2.91,Reserved,Reserved,information,4,FGDIT,sniffer-profile,DNP3,FGVM02TM24011031,2024-09-07,signature,1725769926903188017
elevated,utm,-0700,21:32:07,Operational.Technology,pass,6,,DNP3_Data.Link.Layer.Function.Unconfirmed.User.Data,Operational.Technology: DNP3_Data.Link.Layer.Function.Unconfirmed.User.Data,20000,app-ctrl,,undefined,port7,51812,61430,206428196,outgoing,,,1059028704,port7,undefined,sniffer,49950,2bb0f70e-4038-51ef-134a-c9f410b48b6f,,root,192.168.2.86,192.168.2.91,Reserved,Reserved,information,4,FGDIT,sniffer-profile,DNP3,FGVM02TM24011031,2024-09-07,signature,1725769926903412381
elevated,utm,-0700,21:32:07,Operational.Technology,pass,6,12,DNP3_Read,Operational.Technology: DNP3_Read,20000,app-ctrl,others,undefined,port7,17843,61430,206428197,outgoing,3c 01 06 3c 02 06 3c 03 06 3c 04 06,2 -> 1,1059028704,port7,undefined,sniffer,49950,2bb0f70e-4038-51ef-134a-c9f410b48b6f,,root,192.168.2.86,192.168.2.91,Reserved,Reserved,information,4,FGDIT,sniffer-profile,DNP3,FGVM02TM24011031,2024-09-07,signature,1725769926903502424
elevated,utm,-0700,21:32:07,Operational.Technology,pass,6,,DNP3_Read,Operational.Technology: DNP3_Read,20000,app-ctrl,,undefined,port7,17843,61430,206428198,outgoing,,,1059028704,port7,undefined,sniffer,49950,2bb0f70e-4038-51ef-134a-c9f410b48b6f,,root,192.168.2.86,192.168.2.91,Reserved,Reserved,information,4,FGDIT,sniffer-profile,DNP3,FGVM02TM24011031,2024-09-07,signature,1725769926903569294
elevated,utm,-0700,21:32:07,Operational.Technology,pass,6,,DNP3_Data.Link.Layer.Function.Unconfirmed.User.Data,Operational.Technology: DNP3_Data.Link.Layer.Function.Unconfirmed.User.Data,20000,app-ctrl,,undefined,port7,51812,61430,206428199,incoming,,,1059028704,port7,undefined,sniffer,49950,2bb0f70e-4038-51ef-134a-c9f410b48b6f,,root,192.168.2.86,192.168.2.91,Reserved,Reserved,information,4,FGDIT,sniffer-profile,DNP3,FGVM02TM24011031,2024-09-07,signature,1725769926903714337
elevated,utm,-0700,21:32:07,Operational.Technology,pass,6,60,DNP3_Response,Operational.Technology: DNP3_Response,20000,app-ctrl,others,undefined,port7,31817,61430,206428200,incoming,00 00 01 02 00 00 00 01 03 02 00 00 00 30 f1 01 14 01 00 00 00 01 00 00 00 00 15 01 00 00 00 73 7e 01 00 00 00 00 1e 05 00 00 00 01 00 00 00 00 0a 0d 6b 02 00 00 00 01 28 03 00 00,1 -> 2,1059028704,port7,undefined,sniffer,49950,2bb0f70e-4038-51ef-134a-c9f410b48b6f,,root,192.168.2.86,192.168.2.91,Reserved,Reserved,information,4,FGDIT,sniffer-profile,DNP3,FGVM02TM24011031,2024-09-07,signature,1725769926903784003
low,utm,-0700,21:32:07,IoT,pass,6,,DNP.DNP3,IoT: DNP.DNP3,20000,app-ctrl,,undefined,port7,10003728,61430,206428201,incoming,,,1059028704,port7,undefined,sniffer,49950,2bb0f70e-4038-51ef-134a-c9f410b48b6f,"Vendor=DNP, Product=DNP3",root,192.168.2.86,192.168.2.91,Reserved,Reserved,information,4,FGDIT,sniffer-profile,DNP3,FGVM02TM24011031,2024-09-07,signature,1725769926903877502
elevated,utm,-0700,21:32:07,Operational.Technology,pass,6,9,DNP3_Class.Dump,Operational.Technology: DNP3_Class.Dump,20000,app-ctrl,others,undefined,port7,55662,61430,206428202,outgoing,3c 02 06 3c 03 06 3c 04 06,2 -> 1,1059028704,port7,undefined,sniffer,49950,2bb0f70e-4038-51ef-134a-c9f410b48b6f,,root,192.168.2.86,192.168.2.91,Reserved,Reserved,information,4,FGDIT,sniffer-profile,DNP3,FGVM02TM24011031,2024-09-07,signature,1725769926904107716
elevated,utm,-0700,21:32:07,Operational.Technology,pass,6,,DNP3_Data.Link.Layer.Function.Unconfirmed.User.Data,Operational.Technology: DNP3_Data.Link.Layer.Function.Unconfirmed.User.Data,20000,app-ctrl,,undefined,port7,51812,61430,206428203,outgoing,,,1059028704,port7,undefined,sniffer,49950,2bb0f70e-4038-51ef-134a-c9f410b48b6f,,root,192.168.2.86,192.168.2.91,Reserved,Reserved,information,4,FGDIT,sniffer-profile,DNP3,FGVM02TM24011031,2024-09-07,signature,1725769926904171201
elevated,utm,-0700,21:32:07,Operational.Technology,pass,6,9,DNP3_Read,Operational.Technology: DNP3_Read,20000,app-ctrl,others,undefined,port7,17843,61430,206428204,outgoing,3c 02 06 3c 03 06 3c 04 06,2 -> 1,1059028704,port7,undefined,sniffer,49950,2bb0f70e-4038-51ef-134a-c9f410b48b6f,,root,192.168.2.86,192.168.2.91,Reserved,Reserved,information,4,FGDIT,sniffer-profile,DNP3,FGVM02TM24011031,2024-09-07,signature,1725769926904250296
elevated,utm,-0700,21:32:07,Operational.Technology,pass,6,,DNP3_Read,Operational.Technology: DNP3_Read,20000,app-ctrl,,undefined,port7,17843,61430,206428205,outgoing,,,1059028704,port7,undefined,sniffer,49950,2bb0f70e-4038-51ef-134a-c9f410b48b6f,,root,192.168.2.86,192.168.2.91,Reserved,Reserved,information,4,FGDIT,sniffer-profile,DNP3,FGVM02TM24011031,2024-09-07,signature,1725769926904323277
elevated,utm,-0700,21:32:07,Operational.Technology,pass,6,,DNP3_Data.Link.Layer.Function.Unconfirmed.User.Data,Operational.Technology: DNP3_Data.Link.Layer.Function.Unconfirmed.User.Data,20000,app-ctrl,,undefined,port7,51812,61430,206428206,incoming,,,1059028704,port7,undefined,sniffer,49950,2bb0f70e-4038-51ef-134a-c9f410b48b6f,,root,192.168.2.86,192.168.2.91,Reserved,Reserved,information,4,FGDIT,sniffer-profile,DNP3,FGVM02TM24011031,2024-09-07,signature,1725769926904413906
elevated,utm,-0700,21:32:07,Operational.Technology,pass,6,2,DNP3_Response,Operational.Technology: DNP3_Response,20000,app-ctrl,others,undefined,port7,31817,61430,206428207,incoming,00 00,1 -> 2,1059028704,port7,undefined,sniffer,49950,2bb0f70e-4038-51ef-134a-c9f410b48b6f,,root,192.168.2.86,192.168.2.91,Reserved,Reserved,information,4,FGDIT,sniffer-profile,DNP3,FGVM02TM24011031,2024-09-07,signature,1725769926904485500
low,utm,-0700,21:32:07,IoT,pass,6,,DNP.DNP3,IoT: DNP.DNP3,20000,app-ctrl,,undefined,port7,10003728,61430,206428208,incoming,,,1059028704,port7,undefined,sniffer,49950,2bb0f70e-4038-51ef-134a-c9f410b48b6f,"Vendor=DNP, Product=DNP3",root,192.168.2.86,192.168.2.91,Reserved,Reserved,information,4,FGDIT,sniffer-profile,DNP3,FGVM02TM24011031,2024-09-07,signature,1725769926904579046
elevated,utm,-0700,21:32:07,Operational.Technology,pass,6,,DNP3_Data.Link.Layer.Function.Unconfirmed.User.Data,Operational.Technology: DNP3_Data.Link.Layer.Function.Unconfirmed.User.Data,20000,app-ctrl,,undefined,port7,51812,61430,206428209,outgoing,,,1059028704,port7,undefined,sniffer,49950,2bb0f70e-4038-51ef-134a-c9f410b48b6f,,root,192.168.2.86,192.168.2.91,Reserved,Reserved,information,4,FGDIT,sniffer-profile,DNP3,FGVM02TM24011031,2024-09-07,signature,1725769926904802591
elevated,utm,-0700,21:32:07,Operational.Technology,pass,6,3,DNP3_Read,Operational.Technology: DNP3_Read,20000,app-ctrl,others,undefined,port7,17843,61430,206428210,outgoing,00 f8 06,2 -> 1,1059028704,port7,undefined,sniffer,49950,2bb0f70e-4038-51ef-134a-c9f410b48b6f,,root,192.168.2.86,192.168.2.91,Reserved,Reserved,information,4,FGDIT,sniffer-profile,DNP3,FGVM02TM24011031,2024-09-07,signature,1725769926904887502
elevated,utm,-0700,21:32:07,Operational.Technology,pass,6,,DNP3_Read,Operational.Technology: DNP3_Read,20000,app-ctrl,,undefined,port7,17843,61430,206428211,outgoing,,,1059028704,port7,undefined,sniffer,49950,2bb0f70e-4038-51ef-134a-c9f410b48b6f,,root,192.168.2.86,192.168.2.91,Reserved,Reserved,information,4,FGDIT,sniffer-profile,DNP3,FGVM02TM24011031,2024-09-07,signature,1725769926904975514
elevated,utm,-0700,21:32:07,Operational.Technology,pass,6,,DNP3_Data.Link.Layer.Function.Unconfirmed.User.Data,Operational.Technology: DNP3_Data.Link.Layer.Function.Unconfirmed.User.Data,20000,app-ctrl,,undefined,port7,51812,61430,206428212,incoming,,,1059028704,port7,undefined,sniffer,49950,2bb0f70e-4038-51ef-134a-c9f410b48b6f,,root,192.168.2.86,192.168.2.91,Reserved,Reserved,information,4,FGDIT,sniffer-profile,DNP3,FGVM02TM24011031,2024-09-07,signature,1725769926905075041
elevated,utm,-0700,21:32:07,Operational.Technology,pass,6,18,DNP3_Response,Operational.Technology: DNP3_Response,20000,app-ctrl,others,undefined,port7,31817,61430,206428213,incoming,00 00 00 f8 00 00 00 01 09 32 31 2e 30 0d 53 35 2e 30,1 -> 2,1059028704,port7,undefined,sniffer,49950,2bb0f70e-4038-51ef-134a-c9f410b48b6f,,root,192.168.2.86,192.168.2.91,Reserved,Reserved,information,4,FGDIT,sniffer-profile,DNP3,FGVM02TM24011031,2024-09-07,signature,1725769926905148921
low,utm,-0700,21:32:07,IoT,pass,6,,DNP.DNP3,IoT: DNP.DNP3,20000,app-ctrl,,undefined,port7,10003728,61430,206428214,incoming,,,1059028704,port7,undefined,sniffer,49950,2bb0f70e-4038-51ef-134a-c9f410b48b6f,"Vendor=DNP, Product=DNP3",root,192.168.2.86,192.168.2.91,Reserved,Reserved,information,4,FGDIT,sniffer-profile,DNP3,FGVM02TM24011031,2024-09-07,signature,1725769926905226496
elevated,utm,-0700,21:32:07,Operational.Technology,pass,6,9,DNP3_Class.Dump,Operational.Technology: DNP3_Class.Dump,20000,app-ctrl,others,undefined,port7,55662,61430,206428215,outgoing,3c 02 06 3c 03 06 3c 04 06,2 -> 1,1059028704,port7,undefined,sniffer,49950,2bb0f70e-4038-51ef-134a-c9f410b48b6f,,root,192.168.2.86,192.168.2.91,Reserved,Reserved,information,4,FGDIT,sniffer-profile,DNP3,FGVM02TM24011031,2024-09-07,signature,1725769926905655731
elevated,utm,-0700,21:32:07,Operational.Technology,pass,6,,DNP3_Data.Link.Layer.Function.Unconfirmed.User.Data,Operational.Technology: DNP3_Data.Link.Layer.Function.Unconfirmed.User.Data,20000,app-ctrl,,undefined,port7,51812,61430,206428216,outgoing,,,1059028704,port7,undefined,sniffer,49950,2bb0f70e-4038-51ef-134a-c9f410b48b6f,,root,192.168.2.86,192.168.2.91,Reserved,Reserved,information,4,FGDIT,sniffer-profile,DNP3,FGVM02TM24011031,2024-09-07,signature,1725769926905716832
elevated,utm,-0700,21:32:07,Operational.Technology,pass,6,9,DNP3_Read,Operational.Technology: DNP3_Read,20000,app-ctrl,others,undefined,port7,17843,61430,206428217,outgoing,3c 02 06 3c 03 06 3c 04 06,2 -> 1,1059028704,port7,undefined,sniffer,49950,2bb0f70e-4038-51ef-134a-c9f410b48b6f,,root,192.168.2.86,192.168.2.91,Reserved,Reserved,information,4,FGDIT,sniffer-profile,DNP3,FGVM02TM24011031,2024-09-07,signature,1725769926905808614
elevated,utm,-0700,21:32:07,Operational.Technology,pass,6,,DNP3_Read,Operational.Technology: DNP3_Read,20000,app-ctrl,,undefined,port7,17843,61430,206428218,outgoing,,,1059028704,port7,undefined,sniffer,49950,2bb0f70e-4038-51ef-134a-c9f410b48b6f,,root,192.168.2.86,192.168.2.91,Reserved,Reserved,information,4,FGDIT,sniffer-profile,DNP3,FGVM02TM24011031,2024-09-07,signature,1725769926905869616
elevated,utm,-0700,21:32:07,Operational.Technology,pass,6,,DNP3_Data.Link.Layer.Function.Unconfirmed.User.Data,Operational.Technology: DNP3_Data.Link.Layer.Function.Unconfirmed.User.Data,20000,app-ctrl,,undefined,port7,51812,61430,206428219,incoming,,,1059028704,port7,undefined,sniffer,49950,2bb0f70e-4038-51ef-134a-c9f410b48b6f,,root,192.168.2.86,192.168.2.91,Reserved,Reserved,information,4,FGDIT,sniffer-profile,DNP3,FGVM02TM24011031,2024-09-07,signature,1725769926906006320
elevated,utm,-0700,21:32:07,Operational.Technology,pass,6,2,DNP3_Response,Operational.Technology: DNP3_Response,20000,app-ctrl,others,undefined,port7,31817,61430,206428220,incoming,00 00,1 -> 2,1059028704,port7,undefined,sniffer,49950,2bb0f70e-4038-51ef-134a-c9f410b48b6f,,root,192.168.2.86,192.168.2.91,Reserved,Reserved,information,4,FGDIT,sniffer-profile,DNP3,FGVM02TM24011031,2024-09-07,signature,1725769926906071644
low,utm,-0700,21:32:07,IoT,pass,6,,DNP.DNP3,IoT: DNP.DNP3,20000,app-ctrl,,undefined,port7,10003728,61430,206428221,incoming,,,1059028704,port7,undefined,sniffer,49950,2bb0f70e-4038-51ef-134a-c9f410b48b6f,"Vendor=DNP, Product=DNP3",root,192.168.2.86,192.168.2.91,Reserved,Reserved,information,4,FGDIT,sniffer-profile,DNP3,FGVM02TM24011031,2024-09-07,signature,1725769926906178963
elevated,utm,-0700,21:32:07,Operational.Technology,pass,6,,DNP3_Data.Link.Layer.Function.Unconfirmed.User.Data,Operational.Technology: DNP3_Data.Link.Layer.Function.Unconfirmed.User.Data,20000,app-ctrl,,undefined,port7,51812,61430,206428222,outgoing,,,1059028704,port7,undefined,sniffer,49950,2bb0f70e-4038-51ef-134a-c9f410b48b6f,,root,192.168.2.86,192.168.2.91,Reserved,Reserved,information,4,FGDIT,sniffer-profile,DNP3,FGVM02TM24011031,2024-09-07,signature,1725769926906437042
elevated,utm,-0700,21:32:07,Operational.Technology,pass,6,3,DNP3_Read,Operational.Technology: DNP3_Read,20000,app-ctrl,others,undefined,port7,17843,61430,206428223,outgoing,00 f6 06,2 -> 1,1059028704,port7,undefined,sniffer,49950,2bb0f70e-4038-51ef-134a-c9f410b48b6f,,root,192.168.2.86,192.168.2.91,Reserved,Reserved,information,4,FGDIT,sniffer-profile,DNP3,FGVM02TM24011031,2024-09-07,signature,1725769926906529444
elevated,utm,-0700,21:32:07,Operational.Technology,pass,6,,DNP3_Read,Operational.Technology: DNP3_Read,20000,app-ctrl,,undefined,port7,17843,61430,206428224,outgoing,,,1059028704,port7,undefined,sniffer,49950,2bb0f70e-4038-51ef-134a-c9f410b48b6f,,root,192.168.2.86,192.168.2.91,Reserved,Reserved,information,4,FGDIT,sniffer-profile,DNP3,FGVM02TM24011031,2024-09-07,signature,1725769926906589894
elevated,utm,-0700,21:32:07,Operational.Technology,pass,6,,DNP3_Data.Link.Layer.Function.Unconfirmed.User.Data,Operational.Technology: DNP3_Data.Link.Layer.Function.Unconfirmed.User.Data,20000,app-ctrl,,undefined,port7,51812,61430,206428225,incoming,,,1059028704,port7,undefined,sniffer,49950,2bb0f70e-4038-51ef-134a-c9f410b48b6f,,root,192.168.2.86,192.168.2.91,Reserved,Reserved,information,4,FGDIT,sniffer-profile,DNP3,FGVM02TM24011031,2024-09-07,signature,1725769926906691287
elevated,utm,-0700,21:32:07,Operational.Technology,pass,6,16,DNP3_Response,Operational.Technology: DNP3_Response,20000,app-ctrl,others,undefined,port7,31817,61430,206428226,incoming,00 00 00 f6 00 00 00 01 07 49 44 5f 43 b9 3e 4f,1 -> 2,1059028704,port7,undefined,sniffer,49950,2bb0f70e-4038-51ef-134a-c9f410b48b6f,,root,192.168.2.86,192.168.2.91,Reserved,Reserved,information,4,FGDIT,sniffer-profile,DNP3,FGVM02TM24011031,2024-09-07,signature,1725769926906764148
low,utm,-0700,21:32:07,IoT,pass,6,,DNP.DNP3,IoT: DNP.DNP3,20000,app-ctrl,,undefined,port7,10003728,61430,206428227,incoming,,,1059028704,port7,undefined,sniffer,49950,2bb0f70e-4038-51ef-134a-c9f410b48b6f,"Vendor=DNP, Product=DNP3",root,192.168.2.86,192.168.2.91,Reserved,Reserved,information,4,FGDIT,sniffer-profile,DNP3,FGVM02TM24011031,2024-09-07,signature,1725769926906850153
elevated,utm,-0700,21:32:07,Operational.Technology,pass,6,,DNP3_Data.Link.Layer.Function.Unconfirmed.User.Data,Operational.Technology: DNP3_Data.Link.Layer.Function.Unconfirmed.User.Data,20000,app-ctrl,,undefined,port7,51812,61430,206428228,outgoing,,,1059028704,port7,undefined,sniffer,49950,2bb0f70e-4038-51ef-134a-c9f410b48b6f,,root,192.168.2.86,192.168.2.91,Reserved,Reserved,information,4,FGDIT,sniffer-profile,DNP3,FGVM02TM24011031,2024-09-07,signature,1725769926907071041
elevated,utm,-0700,21:32:07,Operational.Technology,pass,6,12,DNP3_Read,Operational.Technology: DNP3_Read,20000,app-ctrl,others,undefined,port7,17843,61430,206428229,outgoing,3c 01 06 3c 02 06 3c 03 06 3c 04 06,2 -> 1,1059028704,port7,undefined,sniffer,49950,2bb0f70e-4038-51ef-134a-c9f410b48b6f,,root,192.168.2.86,192.168.2.91,Reserved,Reserved,information,4,FGDIT,sniffer-profile,DNP3,FGVM02TM24011031,2024-09-07,signature,1725769926907155447
elevated,utm,-0700,21:32:07,Operational.Technology,pass,6,,DNP3_Read,Operational.Technology: DNP3_Read,20000,app-ctrl,,undefined,port7,17843,61430,206428230,outgoing,,,1059028704,port7,undefined,sniffer,49950,2bb0f70e-4038-51ef-134a-c9f410b48b6f,,root,192.168.2.86,192.168.2.91,Reserved,Reserved,information,4,FGDIT,sniffer-profile,DNP3,FGVM02TM24011031,2024-09-07,signature,1725769926907213295
elevated,utm,-0700,21:32:07,Operational.Technology,pass,6,,DNP3_Data.Link.Layer.Function.Unconfirmed.User.Data,Operational.Technology: DNP3_Data.Link.Layer.Function.Unconfirmed.User.Data,20000,app-ctrl,,undefined,port7,51812,61430,206428231,incoming,,,1059028704,port7,undefined,sniffer,49950,2bb0f70e-4038-51ef-134a-c9f410b48b6f,,root,192.168.2.86,192.168.2.91,Reserved,Reserved,information,4,FGDIT,sniffer-profile,DNP3,FGVM02TM24011031,2024-09-07,signature,1725769926907317871
elevated,utm,-0700,21:32:07,Operational.Technology,pass,6,60,DNP3_Response,Operational.Technology: DNP3_Response,20000,app-ctrl,others,undefined,port7,31817,61430,206428232,incoming,00 00 01 02 00 00 00 01 03 02 00 00 00 96 d2 01 14 01 00 00 00 01 00 00 00 00 15 01 00 00 00 73 7e 01 00 00 00 00 1e 05 00 00 00 01 00 00 00 00 0a 0d 6b 02 00 00 00 01 28 03 00 00,1 -> 2,1059028704,port7,undefined,sniffer,49950,2bb0f70e-4038-51ef-134a-c9f410b48b6f,,root,192.168.2.86,192.168.2.91,Reserved,Reserved,information,4,FGDIT,sniffer-profile,DNP3,FGVM02TM24011031,2024-09-07,signature,1725769926907383613
low,utm,-0700,21:32:07,IoT,pass,6,,DNP.DNP3,IoT: DNP.DNP3,20000,app-ctrl,,undefined,port7,10003728,61430,206428233,incoming,,,1059028704,port7,undefined,sniffer,49950,2bb0f70e-4038-51ef-134a-c9f410b48b6f,"Vendor=DNP, Product=DNP3",root,192.168.2.86,192.168.2.91,Reserved,Reserved,information,4,FGDIT,sniffer-profile,DNP3,FGVM02TM24011031,2024-09-07,signature,1725769926907467200
elevated,utm,-0700,21:32:07,Operational.Technology,pass,6,9,DNP3_Class.Dump,Operational.Technology: DNP3_Class.Dump,20000,app-ctrl,others,undefined,port7,55662,61430,206428234,outgoing,3c 02 06 3c 03 06 3c 04 06,2 -> 1,1059028704,port7,undefined,sniffer,49950,2bb0f70e-4038-51ef-134a-c9f410b48b6f,,root,192.168.2.86,192.168.2.91,Reserved,Reserved,information,4,FGDIT,sniffer-profile,DNP3,FGVM02TM24011031,2024-09-07,signature,1725769926907692291
elevated,utm,-0700,21:32:07,Operational.Technology,pass,6,,DNP3_Data.Link.Layer.Function.Unconfirmed.User.Data,Operational.Technology: DNP3_Data.Link.Layer.Function.Unconfirmed.User.Data,20000,app-ctrl,,undefined,port7,51812,61430,206428235,outgoing,,,1059028704,port7,undefined,sniffer,49950,2bb0f70e-4038-51ef-134a-c9f410b48b6f,,root,192.168.2.86,192.168.2.91,Reserved,Reserved,information,4,FGDIT,sniffer-profile,DNP3,FGVM02TM24011031,2024-09-07,signature,1725769926907747812
elevated,utm,-0700,21:32:07,Operational.Technology,pass,6,9,DNP3_Read,Operational.Technology: DNP3_Read,20000,app-ctrl,others,undefined,port7,17843,61430,206428236,outgoing,3c 02 06 3c 03 06 3c 04 06,2 -> 1,1059028704,port7,undefined,sniffer,49950,2bb0f70e-4038-51ef-134a-c9f410b48b6f,,root,192.168.2.86,192.168.2.91,Reserved,Reserved,information,4,FGDIT,sniffer-profile,DNP3,FGVM02TM24011031,2024-09-07,signature,1725769926907824748
elevated,utm,-0700,21:32:07,Operational.Technology,pass,6,,DNP3_Read,Operational.Technology: DNP3_Read,20000,app-ctrl,,undefined,port7,17843,61430,206428237,outgoing,,,1059028704,port7,undefined,sniffer,49950,2bb0f70e-4038-51ef-134a-c9f410b48b6f,,root,192.168.2.86,192.168.2.91,Reserved,Reserved,information,4,FGDIT,sniffer-profile,DNP3,FGVM02TM24011031,2024-09-07,signature,1725769926907882837
elevated,utm,-0700,21:32:07,Operational.Technology,pass,6,,DNP3_Data.Link.Layer.Function.Unconfirmed.User.Data,Operational.Technology: DNP3_Data.Link.Layer.Function.Unconfirmed.User.Data,20000,app-ctrl,,undefined,port7,51812,61430,206428238,incoming,,,1059028704,port7,undefined,sniffer,49950,2bb0f70e-4038-51ef-134a-c9f410b48b6f,,root,192.168.2.86,192.168.2.91,Reserved,Reserved,information,4,FGDIT,sniffer-profile,DNP3,FGVM02TM24011031,2024-09-07,signature,1725769926907970247
elevated,utm,-0700,21:32:07,Operational.Technology,pass,6,2,DNP3_Response,Operational.Technology: DNP3_Response,20000,app-ctrl,others,undefined,port7,31817,61430,206428239,incoming,00 00,1 -> 2,1059028704,port7,undefined,sniffer,49950,2bb0f70e-4038-51ef-134a-c9f410b48b6f,,root,192.168.2.86,192.168.2.91,Reserved,Reserved,information,4,FGDIT,sniffer-profile,DNP3,FGVM02TM24011031,2024-09-07,signature,1725769926908033481
low,utm,-0700,21:32:07,IoT,pass,6,,DNP.DNP3,IoT: DNP.DNP3,20000,app-ctrl,,undefined,port7,10003728,61430,206428240,incoming,,,1059028704,port7,undefined,sniffer,49950,2bb0f70e-4038-51ef-134a-c9f410b48b6f,"Vendor=DNP, Product=DNP3",root,192.168.2.86,192.168.2.91,Reserved,Reserved,information,4,FGDIT,sniffer-profile,DNP3,FGVM02TM24011031,2024-09-07,signature,1725769926908179668
elevated,utm,-0700,21:32:07,Operational.Technology,pass,6,9,DNP3_Class.Dump,Operational.Technology: DNP3_Class.Dump,20000,app-ctrl,others,undefined,port7,55662,61430,206428241,outgoing,3c 02 06 3c 03 06 3c 04 06,2 -> 1,1059028704,port7,undefined,sniffer,49950,2bb0f70e-4038-51ef-134a-c9f410b48b6f,,root,192.168.2.86,192.168.2.91,Reserved,Reserved,information,4,FGDIT,sniffer-profile,DNP3,FGVM02TM24011031,2024-09-07,signature,1725769926908439212
elevated,utm,-0700,21:32:07,Operational.Technology,pass,6,,DNP3_Data.Link.Layer.Function.Unconfirmed.User.Data,Operational.Technology: DNP3_Data.Link.Layer.Function.Unconfirmed.User.Data,20000,app-ctrl,,undefined,port7,51812,61430,206428242,outgoing,,,1059028704,port7,undefined,sniffer,49950,2bb0f70e-4038-51ef-134a-c9f410b48b6f,,root,192.168.2.86,192.168.2.91,Reserved,Reserved,information,4,FGDIT,sniffer-profile,DNP3,FGVM02TM24011031,2024-09-07,signature,1725769926908495014
elevated,utm,-0700,21:32:07,Operational.Technology,pass,6,9,DNP3_Read,Operational.Technology: DNP3_Read,20000,app-ctrl,others,undefined,port7,17843,61430,206428243,outgoing,3c 02 06 3c 03 06 3c 04 06,2 -> 1,1059028704,port7,undefined,sniffer,49950,2bb0f70e-4038-51ef-134a-c9f410b48b6f,,root,192.168.2.86,192.168.2.91,Reserved,Reserved,information,4,FGDIT,sniffer-profile,DNP3,FGVM02TM24011031,2024-09-07,signature,1725769926908571119
elevated,utm,-0700,21:32:07,Operational.Technology,pass,6,,DNP3_Read,Operational.Technology: DNP3_Read,20000,app-ctrl,,undefined,port7,17843,61430,206428244,outgoing,,,1059028704,port7,undefined,sniffer,49950,2bb0f70e-4038-51ef-134a-c9f410b48b6f,,root,192.168.2.86,192.168.2.91,Reserved,Reserved,information,4,FGDIT,sniffer-profile,DNP3,FGVM02TM24011031,2024-09-07,signature,1725769926908628419
elevated,utm,-0700,21:32:07,Operational.Technology,pass,6,,DNP3_Data.Link.Layer.Function.Unconfirmed.User.Data,Operational.Technology: DNP3_Data.Link.Layer.Function.Unconfirmed.User.Data,20000,app-ctrl,,undefined,port7,51812,61430,206428245,incoming,,,1059028704,port7,undefined,sniffer,49950,2bb0f70e-4038-51ef-134a-c9f410b48b6f,,root,192.168.2.86,192.168.2.91,Reserved,Reserved,information,4,FGDIT,sniffer-profile,DNP3,FGVM02TM24011031,2024-09-07,signature,1725769926908712473
elevated,utm,-0700,21:32:07,Operational.Technology,pass,6,2,DNP3_Response,Operational.Technology: DNP3_Response,20000,app-ctrl,others,undefined,port7,31817,61430,206428246,incoming,00 00,1 -> 2,1059028704,port7,undefined,sniffer,49950,2bb0f70e-4038-51ef-134a-c9f410b48b6f,,root,192.168.2.86,192.168.2.91,Reserved,Reserved,information,4,FGDIT,sniffer-profile,DNP3,FGVM02TM24011031,2024-09-07,signature,1725769926908775058
low,utm,-0700,21:32:07,IoT,pass,6,,DNP.DNP3,IoT: DNP.DNP3,20000,app-ctrl,,undefined,port7,10003728,61430,206428247,incoming,,,1059028704,port7,undefined,sniffer,49950,2bb0f70e-4038-51ef-134a-c9f410b48b6f,"Vendor=DNP, Product=DNP3",root,192.168.2.86,192.168.2.91,Reserved,Reserved,information,4,FGDIT,sniffer-profile,DNP3,FGVM02TM24011031,2024-09-07,signature,1725769926908851427
elevated,utm,-0700,21:32:07,Operational.Technology,pass,6,,DNP3_Data.Link.Layer.Function.Unconfirmed.User.Data,Operational.Technology: DNP3_Data.Link.Layer.Function.Unconfirmed.User.Data,20000,app-ctrl,,undefined,port7,51812,61430,206428248,outgoing,,,1059028704,port7,undefined,sniffer,49950,2bb0f70e-4038-51ef-134a-c9f410b48b6f,,root,192.168.2.86,192.168.2.91,Reserved,Reserved,information,4,FGDIT,sniffer-profile,DNP3,FGVM02TM24011031,2024-09-07,signature,1725769926909107152
elevated,utm,-0700,21:32:07,Operational.Technology,pass,6,3,DNP3_Read,Operational.Technology: DNP3_Read,20000,app-ctrl,others,undefined,port7,17843,61430,206428249,outgoing,00 ff 06,2 -> 1,1059028704,port7,undefined,sniffer,49950,2bb0f70e-4038-51ef-134a-c9f410b48b6f,,root,192.168.2.86,192.168.2.91,Reserved,Reserved,information,4,FGDIT,sniffer-profile,DNP3,FGVM02TM24011031,2024-09-07,signature,1725769926909190531
elevated,utm,-0700,21:32:07,Operational.Technology,pass,6,,DNP3_Read,Operational.Technology: DNP3_Read,20000,app-ctrl,,undefined,port7,17843,61430,206428250,outgoing,,,1059028704,port7,undefined,sniffer,49950,2bb0f70e-4038-51ef-134a-c9f410b48b6f,,root,192.168.2.86,192.168.2.91,Reserved,Reserved,information,4,FGDIT,sniffer-profile,DNP3,FGVM02TM24011031,2024-09-07,signature,1725769926909248848
elevated,utm,-0700,21:32:07,Operational.Technology,pass,6,,DNP3_Data.Link.Layer.Function.Unconfirmed.User.Data,Operational.Technology: DNP3_Data.Link.Layer.Function.Unconfirmed.User.Data,20000,app-ctrl,,undefined,port7,51812,61430,206428251,incoming,,,1059028704,port7,undefined,sniffer,49950,2bb0f70e-4038-51ef-134a-c9f410b48b6f,,root,192.168.2.86,192.168.2.91,Reserved,Reserved,information,4,FGDIT,sniffer-profile,DNP3,FGVM02TM24011031,2024-09-07,signature,1725769926909341575
elevated,utm,-0700,21:32:07,Operational.Technology,pass,6,89,DNP3_Response,Operational.Technology: DNP3_Response,20000,app-ctrl,others,undefined,port7,31817,61430,206428252,incoming,00 00 00 ff 00 00 00 fe 50 d3 00 d4 00 5d cc d5 00 d6 00 d7 00 d8 00 d9 00 da 00 db 00 dc 00 68 18 dd 00 de 00 df 00 e0 00 e1 00 e2 00 e3 00 e4 00 ec 2d e5 00 e6 00 e7 00 e8 00 e9 00 ea 00 eb 00 ec 00 34 2e ed 00 ee 00 ef 00 f0 00 f1 00 f2 00 f3 00 f5 00,1 -> 2,1059028704,port7,undefined,sniffer,49950,2bb0f70e-4038-51ef-134a-c9f410b48b6f,,root,192.168.2.86,192.168.2.91,Reserved,Reserved,information,4,FGDIT,sniffer-profile,DNP3,FGVM02TM24011031,2024-09-07,signature,1725769926909409978
low,utm,-0700,21:32:07,IoT,pass,6,,DNP.DNP3,IoT: DNP.DNP3,20000,app-ctrl,,undefined,port7,10003728,61430,206428253,incoming,,,1059028704,port7,undefined,sniffer,49950,2bb0f70e-4038-51ef-134a-c9f410b48b6f,"Vendor=DNP, Product=DNP3",root,192.168.2.86,192.168.2.91,Reserved,Reserved,information,4,FGDIT,sniffer-profile,DNP3,FGVM02TM24011031,2024-09-07,signature,1725769926909522930
elevated,utm,-0700,21:32:07,Operational.Technology,pass,6,,DNP3_Data.Link.Layer.Function.Unconfirmed.User.Data,Operational.Technology: DNP3_Data.Link.Layer.Function.Unconfirmed.User.Data,20000,app-ctrl,,undefined,port7,51812,61430,206428254,outgoing,,,1059028704,port7,undefined,sniffer,49950,2bb0f70e-4038-51ef-134a-c9f410b48b6f,,root,192.168.2.86,192.168.2.91,Reserved,Reserved,information,4,FGDIT,sniffer-profile,DNP3,FGVM02TM24011031,2024-09-07,signature,1725769926909745334
elevated,utm,-0700,21:32:07,Operational.Technology,pass,6,12,DNP3_Read,Operational.Technology: DNP3_Read,20000,app-ctrl,others,undefined,port7,17843,61430,206428255,outgoing,3c 01 06 3c 02 06 3c 03 06 3c 04 06,2 -> 1,1059028704,port7,undefined,sniffer,49950,2bb0f70e-4038-51ef-134a-c9f410b48b6f,,root,192.168.2.86,192.168.2.91,Reserved,Reserved,information,4,FGDIT,sniffer-profile,DNP3,FGVM02TM24011031,2024-09-07,signature,1725769926909828426
elevated,utm,-0700,21:32:07,Operational.Technology,pass,6,,DNP3_Read,Operational.Technology: DNP3_Read,20000,app-ctrl,,undefined,port7,17843,61430,206428256,outgoing,,,1059028704,port7,undefined,sniffer,49950,2bb0f70e-4038-51ef-134a-c9f410b48b6f,,root,192.168.2.86,192.168.2.91,Reserved,Reserved,information,4,FGDIT,sniffer-profile,DNP3,FGVM02TM24011031,2024-09-07,signature,1725769926909886747
elevated,utm,-0700,21:32:07,Operational.Technology,pass,6,,DNP3_Data.Link.Layer.Function.Unconfirmed.User.Data,Operational.Technology: DNP3_Data.Link.Layer.Function.Unconfirmed.User.Data,20000,app-ctrl,,undefined,port7,51812,61430,206428257,incoming,,,1059028704,port7,undefined,sniffer,49950,2bb0f70e-4038-51ef-134a-c9f410b48b6f,,root,192.168.2.86,192.168.2.91,Reserved,Reserved,information,4,FGDIT,sniffer-profile,DNP3,FGVM02TM24011031,2024-09-07,signature,1725769926909990195
elevated,utm,-0700,21:32:07,Operational.Technology,pass,6,60,DNP3_Response,Operational.Technology: DNP3_Response,20000,app-ctrl,others,undefined,port7,31817,61430,206428258,incoming,00 00 01 02 00 00 00 01 03 02 00 00 00 1f 0d 01 14 01 00 00 00 01 00 00 00 00 15 01 00 00 00 73 7e 01 00 00 00 00 1e 05 00 00 00 01 00 00 00 00 0a 0d 6b 02 00 00 00 01 28 03 00 00,1 -> 2,1059028704,port7,undefined,sniffer,49950,2bb0f70e-4038-51ef-134a-c9f410b48b6f,,root,192.168.2.86,192.168.2.91,Reserved,Reserved,information,4,FGDIT,sniffer-profile,DNP3,FGVM02TM24011031,2024-09-07,signature,1725769926910055933
low,utm,-0700,21:32:07,IoT,pass,6,,DNP.DNP3,IoT: DNP.DNP3,20000,app-ctrl,,undefined,port7,10003728,61430,206428259,incoming,,,1059028704,port7,undefined,sniffer,49950,2bb0f70e-4038-51ef-134a-c9f410b48b6f,"Vendor=DNP, Product=DNP3",root,192.168.2.86,192.168.2.91,Reserved,Reserved,information,4,FGDIT,sniffer-profile,DNP3,FGVM02TM24011031,2024-09-07,signature,1725769926910141172
elevated,utm,-0700,21:32:07,Operational.Technology,pass,6,9,DNP3_Class.Dump,Operational.Technology: DNP3_Class.Dump,20000,app-ctrl,others,undefined,port7,55662,61430,206428260,outgoing,3c 02 06 3c 03 06 3c 04 06,2 -> 1,1059028704,port7,undefined,sniffer,49950,2bb0f70e-4038-51ef-134a-c9f410b48b6f,,root,192.168.2.86,192.168.2.91,Reserved,Reserved,information,4,FGDIT,sniffer-profile,DNP3,FGVM02TM24011031,2024-09-07,signature,1725769926910365745
elevated,utm,-0700,21:32:07,Operational.Technology,pass,6,,DNP3_Data.Link.Layer.Function.Unconfirmed.User.Data,Operational.Technology: DNP3_Data.Link.Layer.Function.Unconfirmed.User.Data,20000,app-ctrl,,undefined,port7,51812,61430,206428261,outgoing,,,1059028704,port7,undefined,sniffer,49950,2bb0f70e-4038-51ef-134a-c9f410b48b6f,,root,192.168.2.86,192.168.2.91,Reserved,Reserved,information,4,FGDIT,sniffer-profile,DNP3,FGVM02TM24011031,2024-09-07,signature,1725769926910420096
elevated,utm,-0700,21:32:07,Operational.Technology,pass,6,9,DNP3_Read,Operational.Technology: DNP3_Read,20000,app-ctrl,others,undefined,port7,17843,61430,206428262,outgoing,3c 02 06 3c 03 06 3c 04 06,2 -> 1,1059028704,port7,undefined,sniffer,49950,2bb0f70e-4038-51ef-134a-c9f410b48b6f,,root,192.168.2.86,192.168.2.91,Reserved,Reserved,information,4,FGDIT,sniffer-profile,DNP3,FGVM02TM24011031,2024-09-07,signature,1725769926910644442
elevated,utm,-0700,21:32:07,Operational.Technology,pass,6,,DNP3_Read,Operational.Technology: DNP3_Read,20000,app-ctrl,,undefined,port7,17843,61430,206428263,outgoing,,,1059028704,port7,undefined,sniffer,49950,2bb0f70e-4038-51ef-134a-c9f410b48b6f,,root,192.168.2.86,192.168.2.91,Reserved,Reserved,information,4,FGDIT,sniffer-profile,DNP3,FGVM02TM24011031,2024-09-07,signature,1725769926910705852
elevated,utm,-0700,21:32:07,Operational.Technology,pass,6,,DNP3_Data.Link.Layer.Function.Unconfirmed.User.Data,Operational.Technology: DNP3_Data.Link.Layer.Function.Unconfirmed.User.Data,20000,app-ctrl,,undefined,port7,51812,61430,206428264,incoming,,,1059028704,port7,undefined,sniffer,49950,2bb0f70e-4038-51ef-134a-c9f410b48b6f,,root,192.168.2.86,192.168.2.91,Reserved,Reserved,information,4,FGDIT,sniffer-profile,DNP3,FGVM02TM24011031,2024-09-07,signature,1725769926910800577
elevated,utm,-0700,21:32:07,Operational.Technology,pass,6,2,DNP3_Response,Operational.Technology: DNP3_Response,20000,app-ctrl,others,undefined,port7,31817,61430,206428265,incoming,00 00,1 -> 2,1059028704,port7,undefined,sniffer,49950,2bb0f70e-4038-51ef-134a-c9f410b48b6f,,root,192.168.2.86,192.168.2.91,Reserved,Reserved,information,4,FGDIT,sniffer-profile,DNP3,FGVM02TM24011031,2024-09-07,signature,1725769926910864526
low,utm,-0700,21:32:07,IoT,pass,6,,DNP.DNP3,IoT: DNP.DNP3,20000,app-ctrl,,undefined,port7,10003728,61430,206428266,incoming,,,1059028704,port7,undefined,sniffer,49950,2bb0f70e-4038-51ef-134a-c9f410b48b6f,"Vendor=DNP, Product=DNP3",root,192.168.2.86,192.168.2.91,Reserved,Reserved,information,4,FGDIT,sniffer-profile,DNP3,FGVM02TM24011031,2024-09-07,signature,1725769926910964412
elevated,utm,-0700,21:32:07,Operational.Technology,pass,6,,DNP3_Data.Link.Layer.Function.Unconfirmed.User.Data,Operational.Technology: DNP3_Data.Link.Layer.Function.Unconfirmed.User.Data,20000,app-ctrl,,undefined,port7,51812,61430,206428267,outgoing,,,1059028704,port7,undefined,sniffer,49950,2bb0f70e-4038-51ef-134a-c9f410b48b6f,,root,192.168.2.86,192.168.2.91,Reserved,Reserved,information,4,FGDIT,sniffer-profile,DNP3,FGVM02TM24011031,2024-09-07,signature,1725769926911196001
elevated,utm,-0700,21:32:07,Operational.Technology,pass,6,3,DNP3_Read,Operational.Technology: DNP3_Read,20000,app-ctrl,others,undefined,port7,17843,61430,206428268,outgoing,00 fe 06,2 -> 1,1059028704,port7,undefined,sniffer,49950,2bb0f70e-4038-51ef-134a-c9f410b48b6f,,root,192.168.2.86,192.168.2.91,Reserved,Reserved,information,4,FGDIT,sniffer-profile,DNP3,FGVM02TM24011031,2024-09-07,signature,1725769926911278231
elevated,utm,-0700,21:32:07,Operational.Technology,pass,6,,DNP3_Read,Operational.Technology: DNP3_Read,20000,app-ctrl,,undefined,port7,17843,61430,206428269,outgoing,,,1059028704,port7,undefined,sniffer,49950,2bb0f70e-4038-51ef-134a-c9f410b48b6f,,root,192.168.2.86,192.168.2.91,Reserved,Reserved,information,4,FGDIT,sniffer-profile,DNP3,FGVM02TM24011031,2024-09-07,signature,1725769926911336003
elevated,utm,-0700,21:32:07,Operational.Technology,pass,6,,DNP3_Data.Link.Layer.Function.Unconfirmed.User.Data,Operational.Technology: DNP3_Data.Link.Layer.Function.Unconfirmed.User.Data,20000,app-ctrl,,undefined,port7,51812,61430,206428270,incoming,,,1059028704,port7,undefined,sniffer,49950,2bb0f70e-4038-51ef-134a-c9f410b48b6f,,root,192.168.2.86,192.168.2.91,Reserved,Reserved,information,4,FGDIT,sniffer-profile,DNP3,FGVM02TM24011031,2024-09-07,signature,1725769926911468625
elevated,utm,-0700,21:32:07,Operational.Technology,pass,6,,DNP3_Response,Operational.Technology: DNP3_Response,20000,app-ctrl,,undefined,port7,31817,61430,206428271,incoming,,,1059028704,port7,undefined,sniffer,49950,2bb0f70e-4038-51ef-134a-c9f410b48b6f,,root,192.168.2.86,192.168.2.91,Reserved,Reserved,information,4,FGDIT,sniffer-profile,DNP3,FGVM02TM24011031,2024-09-07,signature,1725769926911531393
low,utm,-0700,21:32:07,IoT,pass,6,,DNP.DNP3,IoT: DNP.DNP3,20000,app-ctrl,,undefined,port7,10003728,61430,206428272,incoming,,,1059028704,port7,undefined,sniffer,49950,2bb0f70e-4038-51ef-134a-c9f410b48b6f,"Vendor=DNP, Product=DNP3",root,192.168.2.86,192.168.2.91,Reserved,Reserved,information,4,FGDIT,sniffer-profile,DNP3,FGVM02TM24011031,2024-09-07,signature,1725769926911613412
elevated,utm,-0700,21:32:07,Operational.Technology,pass,6,,DNP3_Data.Link.Layer.Function.Unconfirmed.User.Data,Operational.Technology: DNP3_Data.Link.Layer.Function.Unconfirmed.User.Data,20000,app-ctrl,,undefined,port7,51812,61430,206428273,incoming,,,1059028704,port7,undefined,sniffer,49950,2bb0f70e-4038-51ef-134a-c9f410b48b6f,,root,192.168.2.86,192.168.2.91,Reserved,Reserved,information,4,FGDIT,sniffer-profile,DNP3,FGVM02TM24011031,2024-09-07,signature,1725769926911811952
elevated,utm,-0700,21:32:07,Operational.Technology,pass,6,,DNP3,Operational.Technology: DNP3,20000,app-ctrl,,undefined,port7,17189,61430,206428274,incoming,,,1059028704,port7,undefined,sniffer,49950,2bb0f70e-4038-51ef-134a-c9f410b48b6f,,root,192.168.2.86,192.168.2.91,Reserved,Reserved,information,4,FGDIT,sniffer-profile,DNP3,FGVM02TM24011031,2024-09-07,signature,1725769926911873506
low,utm,-0700,21:32:07,IoT,pass,6,,DNP.DNP3,IoT: DNP.DNP3,20000,app-ctrl,,undefined,port7,10003728,61430,206428275,incoming,,,1059028704,port7,undefined,sniffer,49950,2bb0f70e-4038-51ef-134a-c9f410b48b6f,"Vendor=DNP, Product=DNP3",root,192.168.2.86,192.168.2.91,Reserved,Reserved,information,4,FGDIT,sniffer-profile,DNP3,FGVM02TM24011031,2024-09-07,signature,1725769926911954365
elevated,utm,-0700,21:32:07,Operational.Technology,pass,6,9,DNP3_Class.Dump,Operational.Technology: DNP3_Class.Dump,20000,app-ctrl,others,undefined,port7,55662,61430,206428276,outgoing,3c 02 06 3c 03 06 3c 04 06,2 -> 1,1059028704,port7,undefined,sniffer,49950,2bb0f70e-4038-51ef-134a-c9f410b48b6f,,root,192.168.2.86,192.168.2.91,Reserved,Reserved,information,4,FGDIT,sniffer-profile,DNP3,FGVM02TM24011031,2024-09-07,signature,1725769926912119735
elevated,utm,-0700,21:32:07,Operational.Technology,pass,6,,DNP3_Data.Link.Layer.Function.Unconfirmed.User.Data,Operational.Technology: DNP3_Data.Link.Layer.Function.Unconfirmed.User.Data,20000,app-ctrl,,undefined,port7,51812,61430,206428277,outgoing,,,1059028704,port7,undefined,sniffer,49950,2bb0f70e-4038-51ef-134a-c9f410b48b6f,,root,192.168.2.86,192.168.2.91,Reserved,Reserved,information,4,FGDIT,sniffer-profile,DNP3,FGVM02TM24011031,2024-09-07,signature,1725769926912158854
elevated,utm,-0700,21:32:07,Operational.Technology,pass,6,9,DNP3_Read,Operational.Technology: DNP3_Read,20000,app-ctrl,others,undefined,port7,17843,61430,206428278,outgoing,3c 02 06 3c 03 06 3c 04 06,2 -> 1,1059028704,port7,undefined,sniffer,49950,2bb0f70e-4038-51ef-134a-c9f410b48b6f,,root,192.168.2.86,192.168.2.91,Reserved,Reserved,information,4,FGDIT,sniffer-profile,DNP3,FGVM02TM24011031,2024-09-07,signature,1725769926912213743
elevated,utm,-0700,21:32:07,Operational.Technology,pass,6,,DNP3_Read,Operational.Technology: DNP3_Read,20000,app-ctrl,,undefined,port7,17843,61430,206428279,outgoing,,,1059028704,port7,undefined,sniffer,49950,2bb0f70e-4038-51ef-134a-c9f410b48b6f,,root,192.168.2.86,192.168.2.91,Reserved,Reserved,information,4,FGDIT,sniffer-profile,DNP3,FGVM02TM24011031,2024-09-07,signature,1725769926912255246
elevated,utm,-0700,21:32:07,Operational.Technology,pass,6,,DNP3_Data.Link.Layer.Function.Unconfirmed.User.Data,Operational.Technology: DNP3_Data.Link.Layer.Function.Unconfirmed.User.Data,20000,app-ctrl,,undefined,port7,51812,61430,206428280,incoming,,,1059028704,port7,undefined,sniffer,49950,2bb0f70e-4038-51ef-134a-c9f410b48b6f,,root,192.168.2.86,192.168.2.91,Reserved,Reserved,information,4,FGDIT,sniffer-profile,DNP3,FGVM02TM24011031,2024-09-07,signature,1725769926912318732
elevated,utm,-0700,21:32:07,Operational.Technology,pass,6,2,DNP3_Response,Operational.Technology: DNP3_Response,20000,app-ctrl,others,undefined,port7,31817,61430,206428281,incoming,00 00,1 -> 2,1059028704,port7,undefined,sniffer,49950,2bb0f70e-4038-51ef-134a-c9f410b48b6f,,root,192.168.2.86,192.168.2.91,Reserved,Reserved,information,4,FGDIT,sniffer-profile,DNP3,FGVM02TM24011031,2024-09-07,signature,1725769926912363830
low,utm,-0700,21:32:07,IoT,pass,6,,DNP.DNP3,IoT: DNP.DNP3,20000,app-ctrl,,undefined,port7,10003728,61430,206428282,incoming,,,1059028704,port7,undefined,sniffer,49950,2bb0f70e-4038-51ef-134a-c9f410b48b6f,"Vendor=DNP, Product=DNP3",root,192.168.2.86,192.168.2.91,Reserved,Reserved,information,4,FGDIT,sniffer-profile,DNP3,FGVM02TM24011031,2024-09-07,signature,1725769926912440675
