sentpktdelta,parameters,time,appid,rcvdbyte,eventtype,devid,logid,service,sentpkt,direction,clouduser,proto,rcvdpktdelta,date,duration,tz,vd,dstcountry,filesize,filename,dstintf,srcintfrole,masterdstmac,action,srcip,srcintf,incidentserialno,mastersrcmac,appcat,subtype,sessionid,srcserver,poluuid,policytype,applist,msg,countapp,dstintfrole,identifier,dstport,utmaction,rcvdpkt,transip,transport,srccountry,icmpid,durationdelta,type,sentdelta,devname,app,cloudaction,srcport,rcvddelta,dstmac,level,dstip,icmpcode,eventtime,sentbyte,policyid,trandisp,srcmac,icmptype,apprisk,dstserver
,,21:51:40,24466,,signature,FGVM02TM24011031,1059028704,PING,,outgoing,,1,,2024-09-07,,-0700,root,Hungary,,,port7,undefined,,pass,84.3.251.103,port7,206431722,,Network.Service,app-ctrl,78162,,2bb0f70e-4038-51ef-134a-c9f410b48b6f,sniffer,sniffer-profile,Network.Service: Ping,,undefined,,,,,,,Hungary,0x7ee7,,utm,,FGDIT,Ping,,,,,information,84.3.251.102,0x00,1725771099942249383,,4,,,0x08,elevated,
,,21:51:40,25855,,signature,FGVM02TM24011031,1059028704,MODBUS,,outgoing,84.3.251.103,6,,2024-09-07,,-0700,root,Hungary,4,00 01 00 01,port7,undefined,,pass,84.3.251.103,port7,206431730,,Operational.Technology,app-ctrl,78168,,2bb0f70e-4038-51ef-134a-c9f410b48b6f,sniffer,sniffer-profile,Operational.Technology: Modbus_Read.Holding.Registers,,undefined,,502,,,,,Hungary,,,utm,,FGDIT,Modbus_Read.Holding.Registers,others,56271,,,information,84.3.251.102,,1725771099954276376,,4,,,,elevated,
,"UnitID:0, Address:1, Address:1",21:51:40,48883,,signature,FGVM02TM24011031,1059028704,MODBUS,,outgoing,84.3.251.103,6,,2024-09-07,,-0700,root,Hungary,6,"UnitID=0,Ref=1-1,Data=00 01",port7,undefined,,pass,84.3.251.103,port7,206431731,,Operational.Technology,app-ctrl,78168,,2bb0f70e-4038-51ef-134a-c9f410b48b6f,sniffer,sniffer-profile,Operational.Technology: Modbus_Func03.Read.Holding.Validation,,undefined,,502,,,,,Hungary,,,utm,,FGDIT,Modbus_Func03.Read.Holding.Validation,others,56271,,,information,84.3.251.102,,1725771099954408275,,4,,,,elevated,
,,21:51:40,25855,,signature,FGVM02TM24011031,1059028704,MODBUS,,outgoing,,6,,2024-09-07,,-0700,root,Hungary,,,port7,undefined,,pass,84.3.251.103,port7,206431732,,Operational.Technology,app-ctrl,78168,,2bb0f70e-4038-51ef-134a-c9f410b48b6f,sniffer,sniffer-profile,Operational.Technology: Modbus_Read.Holding.Registers,,undefined,,502,,,,,Hungary,,,utm,,FGDIT,Modbus_Read.Holding.Registers,,56271,,,information,84.3.251.102,,1725771099954490291,,4,,,,elevated,
,,21:51:40,48883,,signature,FGVM02TM24011031,1059028704,MODBUS,,incoming,,6,,2024-09-07,,-0700,root,Hungary,,,port7,undefined,,pass,84.3.251.103,port7,206431733,,Operational.Technology,app-ctrl,78168,,2bb0f70e-4038-51ef-134a-c9f410b48b6f,sniffer,sniffer-profile,Operational.Technology: Modbus_Func03.Read.Holding.Validation,,undefined,,502,,,,,Hungary,,,utm,,FGDIT,Modbus_Func03.Read.Holding.Validation,,56271,,,information,84.3.251.102,,1725771099955132131,,4,,,,elevated,
,,21:51:40,25855,,signature,FGVM02TM24011031,1059028704,MODBUS,,incoming,84.3.251.102,6,,2024-09-07,,-0700,root,Hungary,3,02 00 00,port7,undefined,,pass,84.3.251.103,port7,206431734,,Operational.Technology,app-ctrl,78168,,2bb0f70e-4038-51ef-134a-c9f410b48b6f,sniffer,sniffer-profile,Operational.Technology: Modbus_Read.Holding.Registers,,undefined,,502,,,,,Hungary,,,utm,,FGDIT,Modbus_Read.Holding.Registers,others,56271,,,information,84.3.251.102,,1725771099955282218,,4,,,,elevated,
,,21:51:40,16938,,signature,FGVM02TM24011031,1059028704,MODBUS,,incoming,,6,,2024-09-07,,-0700,root,Hungary,,,port7,undefined,,pass,84.3.251.103,port7,206431735,,Operational.Technology,app-ctrl,78168,,2bb0f70e-4038-51ef-134a-c9f410b48b6f,sniffer,sniffer-profile,Operational.Technology: Modbus,,undefined,,502,,,,,Hungary,,,utm,,FGDIT,Modbus,,56271,,,information,84.3.251.102,,1725771099955386105,,4,,,,elevated,
,,21:51:40,25855,,signature,FGVM02TM24011031,1059028704,MODBUS,,outgoing,84.3.251.103,6,,2024-09-07,,-0700,root,Hungary,4,00 01 00 01,port7,undefined,,pass,84.3.251.103,port7,206431742,,Operational.Technology,app-ctrl,78170,,2bb0f70e-4038-51ef-134a-c9f410b48b6f,sniffer,sniffer-profile,Operational.Technology: Modbus_Read.Holding.Registers,,undefined,,502,,,,,Hungary,,,utm,,FGDIT,Modbus_Read.Holding.Registers,others,48705,,,information,84.3.251.102,,1725771099974169435,,4,,,,elevated,
,"UnitID:0, Address:1, Address:1",21:51:40,48883,,signature,FGVM02TM24011031,1059028704,MODBUS,,outgoing,84.3.251.103,6,,2024-09-07,,-0700,root,Hungary,6,"UnitID=0,Ref=1-1,Data=00 01",port7,undefined,,pass,84.3.251.103,port7,206431743,,Operational.Technology,app-ctrl,78170,,2bb0f70e-4038-51ef-134a-c9f410b48b6f,sniffer,sniffer-profile,Operational.Technology: Modbus_Func03.Read.Holding.Validation,,undefined,,502,,,,,Hungary,,,utm,,FGDIT,Modbus_Func03.Read.Holding.Validation,others,48705,,,information,84.3.251.102,,1725771099974357193,,4,,,,elevated,
,,21:51:40,25855,,signature,FGVM02TM24011031,1059028704,MODBUS,,outgoing,,6,,2024-09-07,,-0700,root,Hungary,,,port7,undefined,,pass,84.3.251.103,port7,206431744,,Operational.Technology,app-ctrl,78170,,2bb0f70e-4038-51ef-134a-c9f410b48b6f,sniffer,sniffer-profile,Operational.Technology: Modbus_Read.Holding.Registers,,undefined,,502,,,,,Hungary,,,utm,,FGDIT,Modbus_Read.Holding.Registers,,48705,,,information,84.3.251.102,,1725771099974433472,,4,,,,elevated,
,,21:51:40,48883,,signature,FGVM02TM24011031,1059028704,MODBUS,,incoming,,6,,2024-09-07,,-0700,root,Hungary,,,port7,undefined,,pass,84.3.251.103,port7,206431745,,Operational.Technology,app-ctrl,78170,,2bb0f70e-4038-51ef-134a-c9f410b48b6f,sniffer,sniffer-profile,Operational.Technology: Modbus_Func03.Read.Holding.Validation,,undefined,,502,,,,,Hungary,,,utm,,FGDIT,Modbus_Func03.Read.Holding.Validation,,48705,,,information,84.3.251.102,,1725771099974881957,,4,,,,elevated,
,,21:51:40,25855,,signature,FGVM02TM24011031,1059028704,MODBUS,,incoming,84.3.251.102,6,,2024-09-07,,-0700,root,Hungary,3,02 00 00,port7,undefined,,pass,84.3.251.103,port7,206431746,,Operational.Technology,app-ctrl,78170,,2bb0f70e-4038-51ef-134a-c9f410b48b6f,sniffer,sniffer-profile,Operational.Technology: Modbus_Read.Holding.Registers,,undefined,,502,,,,,Hungary,,,utm,,FGDIT,Modbus_Read.Holding.Registers,others,48705,,,information,84.3.251.102,,1725771099974976324,,4,,,,elevated,
,,21:51:40,16938,,signature,FGVM02TM24011031,1059028704,MODBUS,,incoming,,6,,2024-09-07,,-0700,root,Hungary,,,port7,undefined,,pass,84.3.251.103,port7,206431747,,Operational.Technology,app-ctrl,78170,,2bb0f70e-4038-51ef-134a-c9f410b48b6f,sniffer,sniffer-profile,Operational.Technology: Modbus,,undefined,,502,,,,,Hungary,,,utm,,FGDIT,Modbus,,48705,,,information,84.3.251.102,,1725771099975052999,,4,,,,elevated,
,,21:51:40,25855,,signature,FGVM02TM24011031,1059028704,MODBUS,,outgoing,84.3.251.103,6,,2024-09-07,,-0700,root,Hungary,4,00 01 00 01,port7,undefined,,pass,84.3.251.103,port7,206431754,,Operational.Technology,app-ctrl,78172,,2bb0f70e-4038-51ef-134a-c9f410b48b6f,sniffer,sniffer-profile,Operational.Technology: Modbus_Read.Holding.Registers,,undefined,,502,,,,,Hungary,,,utm,,FGDIT,Modbus_Read.Holding.Registers,others,58527,,,information,84.3.251.102,,1725771099977637548,,4,,,,elevated,
,"UnitID:0, Address:1, Address:1",21:51:40,48883,,signature,FGVM02TM24011031,1059028704,MODBUS,,outgoing,84.3.251.103,6,,2024-09-07,,-0700,root,Hungary,6,"UnitID=0,Ref=1-1,Data=00 01",port7,undefined,,pass,84.3.251.103,port7,206431755,,Operational.Technology,app-ctrl,78172,,2bb0f70e-4038-51ef-134a-c9f410b48b6f,sniffer,sniffer-profile,Operational.Technology: Modbus_Func03.Read.Holding.Validation,,undefined,,502,,,,,Hungary,,,utm,,FGDIT,Modbus_Func03.Read.Holding.Validation,others,58527,,,information,84.3.251.102,,1725771099977702353,,4,,,,elevated,
,,21:51:40,25855,,signature,FGVM02TM24011031,1059028704,MODBUS,,outgoing,,6,,2024-09-07,,-0700,root,Hungary,,,port7,undefined,,pass,84.3.251.103,port7,206431756,,Operational.Technology,app-ctrl,78172,,2bb0f70e-4038-51ef-134a-c9f410b48b6f,sniffer,sniffer-profile,Operational.Technology: Modbus_Read.Holding.Registers,,undefined,,502,,,,,Hungary,,,utm,,FGDIT,Modbus_Read.Holding.Registers,,58527,,,information,84.3.251.102,,1725771099977751534,,4,,,,elevated,
,,21:51:40,48883,,signature,FGVM02TM24011031,1059028704,MODBUS,,incoming,,6,,2024-09-07,,-0700,root,Hungary,,,port7,undefined,,pass,84.3.251.103,port7,206431757,,Operational.Technology,app-ctrl,78172,,2bb0f70e-4038-51ef-134a-c9f410b48b6f,sniffer,sniffer-profile,Operational.Technology: Modbus_Func03.Read.Holding.Validation,,undefined,,502,,,,,Hungary,,,utm,,FGDIT,Modbus_Func03.Read.Holding.Validation,,58527,,,information,84.3.251.102,,1725771099978036868,,4,,,,elevated,
,,21:51:40,25855,,signature,FGVM02TM24011031,1059028704,MODBUS,,incoming,84.3.251.102,6,,2024-09-07,,-0700,root,Hungary,3,02 00 00,port7,undefined,,pass,84.3.251.103,port7,206431758,,Operational.Technology,app-ctrl,78172,,2bb0f70e-4038-51ef-134a-c9f410b48b6f,sniffer,sniffer-profile,Operational.Technology: Modbus_Read.Holding.Registers,,undefined,,502,,,,,Hungary,,,utm,,FGDIT,Modbus_Read.Holding.Registers,others,58527,,,information,84.3.251.102,,1725771099978108258,,4,,,,elevated,
,,21:51:40,16938,,signature,FGVM02TM24011031,1059028704,MODBUS,,incoming,,6,,2024-09-07,,-0700,root,Hungary,,,port7,undefined,,pass,84.3.251.103,port7,206431759,,Operational.Technology,app-ctrl,78172,,2bb0f70e-4038-51ef-134a-c9f410b48b6f,sniffer,sniffer-profile,Operational.Technology: Modbus,,undefined,,502,,,,,Hungary,,,utm,,FGDIT,Modbus,,58527,,,information,84.3.251.102,,1725771099978155165,,4,,,,elevated,
,,21:51:40,25855,,signature,FGVM02TM24011031,1059028704,MODBUS,,outgoing,84.3.251.103,6,,2024-09-07,,-0700,root,Hungary,4,00 01 00 01,port7,undefined,,pass,84.3.251.103,port7,206431766,,Operational.Technology,app-ctrl,78174,,2bb0f70e-4038-51ef-134a-c9f410b48b6f,sniffer,sniffer-profile,Operational.Technology: Modbus_Read.Holding.Registers,,undefined,,502,,,,,Hungary,,,utm,,FGDIT,Modbus_Read.Holding.Registers,others,50349,,,information,84.3.251.102,,1725771099980052710,,4,,,,elevated,
,"UnitID:0, Address:1, Address:1",21:51:40,48883,,signature,FGVM02TM24011031,1059028704,MODBUS,,outgoing,84.3.251.103,6,,2024-09-07,,-0700,root,Hungary,6,"UnitID=0,Ref=1-1,Data=00 01",port7,undefined,,pass,84.3.251.103,port7,206431767,,Operational.Technology,app-ctrl,78174,,2bb0f70e-4038-51ef-134a-c9f410b48b6f,sniffer,sniffer-profile,Operational.Technology: Modbus_Func03.Read.Holding.Validation,,undefined,,502,,,,,Hungary,,,utm,,FGDIT,Modbus_Func03.Read.Holding.Validation,others,50349,,,information,84.3.251.102,,1725771099980100197,,4,,,,elevated,
,,21:51:40,25855,,signature,FGVM02TM24011031,1059028704,MODBUS,,outgoing,,6,,2024-09-07,,-0700,root,Hungary,,,port7,undefined,,pass,84.3.251.103,port7,206431768,,Operational.Technology,app-ctrl,78174,,2bb0f70e-4038-51ef-134a-c9f410b48b6f,sniffer,sniffer-profile,Operational.Technology: Modbus_Read.Holding.Registers,,undefined,,502,,,,,Hungary,,,utm,,FGDIT,Modbus_Read.Holding.Registers,,50349,,,information,84.3.251.102,,1725771099980136962,,4,,,,elevated,
,,21:51:40,48883,,signature,FGVM02TM24011031,1059028704,MODBUS,,incoming,,6,,2024-09-07,,-0700,root,Hungary,,,port7,undefined,,pass,84.3.251.103,port7,206431769,,Operational.Technology,app-ctrl,78174,,2bb0f70e-4038-51ef-134a-c9f410b48b6f,sniffer,sniffer-profile,Operational.Technology: Modbus_Func03.Read.Holding.Validation,,undefined,,502,,,,,Hungary,,,utm,,FGDIT,Modbus_Func03.Read.Holding.Validation,,50349,,,information,84.3.251.102,,1725771099980350026,,4,,,,elevated,
,,21:51:40,25855,,signature,FGVM02TM24011031,1059028704,MODBUS,,incoming,84.3.251.102,6,,2024-09-07,,-0700,root,Hungary,3,02 00 00,port7,undefined,,pass,84.3.251.103,port7,206431770,,Operational.Technology,app-ctrl,78174,,2bb0f70e-4038-51ef-134a-c9f410b48b6f,sniffer,sniffer-profile,Operational.Technology: Modbus_Read.Holding.Registers,,undefined,,502,,,,,Hungary,,,utm,,FGDIT,Modbus_Read.Holding.Registers,others,50349,,,information,84.3.251.102,,1725771099980399933,,4,,,,elevated,
,,21:51:40,16938,,signature,FGVM02TM24011031,1059028704,MODBUS,,incoming,,6,,2024-09-07,,-0700,root,Hungary,,,port7,undefined,,pass,84.3.251.103,port7,206431771,,Operational.Technology,app-ctrl,78174,,2bb0f70e-4038-51ef-134a-c9f410b48b6f,sniffer,sniffer-profile,Operational.Technology: Modbus,,undefined,,502,,,,,Hungary,,,utm,,FGDIT,Modbus,,50349,,,information,84.3.251.102,,1725771099980434864,,4,,,,elevated,
,,21:51:40,25855,,signature,FGVM02TM24011031,1059028704,MODBUS,,outgoing,84.3.251.103,6,,2024-09-07,,-0700,root,Hungary,4,00 01 00 01,port7,undefined,,pass,84.3.251.103,port7,206431778,,Operational.Technology,app-ctrl,78176,,2bb0f70e-4038-51ef-134a-c9f410b48b6f,sniffer,sniffer-profile,Operational.Technology: Modbus_Read.Holding.Registers,,undefined,,502,,,,,Hungary,,,utm,,FGDIT,Modbus_Read.Holding.Registers,others,38243,,,information,84.3.251.102,,1725771099982033441,,4,,,,elevated,
,"UnitID:0, Address:1, Address:1",21:51:40,48883,,signature,FGVM02TM24011031,1059028704,MODBUS,,outgoing,84.3.251.103,6,,2024-09-07,,-0700,root,Hungary,6,"UnitID=0,Ref=1-1,Data=00 01",port7,undefined,,pass,84.3.251.103,port7,206431779,,Operational.Technology,app-ctrl,78176,,2bb0f70e-4038-51ef-134a-c9f410b48b6f,sniffer,sniffer-profile,Operational.Technology: Modbus_Func03.Read.Holding.Validation,,undefined,,502,,,,,Hungary,,,utm,,FGDIT,Modbus_Func03.Read.Holding.Validation,others,38243,,,information,84.3.251.102,,1725771099982085094,,4,,,,elevated,
,,21:51:40,25855,,signature,FGVM02TM24011031,1059028704,MODBUS,,outgoing,,6,,2024-09-07,,-0700,root,Hungary,,,port7,undefined,,pass,84.3.251.103,port7,206431780,,Operational.Technology,app-ctrl,78176,,2bb0f70e-4038-51ef-134a-c9f410b48b6f,sniffer,sniffer-profile,Operational.Technology: Modbus_Read.Holding.Registers,,undefined,,502,,,,,Hungary,,,utm,,FGDIT,Modbus_Read.Holding.Registers,,38243,,,information,84.3.251.102,,1725771099982122120,,4,,,,elevated,
,,21:51:40,48883,,signature,FGVM02TM24011031,1059028704,MODBUS,,incoming,,6,,2024-09-07,,-0700,root,Hungary,,,port7,undefined,,pass,84.3.251.103,port7,206431781,,Operational.Technology,app-ctrl,78176,,2bb0f70e-4038-51ef-134a-c9f410b48b6f,sniffer,sniffer-profile,Operational.Technology: Modbus_Func03.Read.Holding.Validation,,undefined,,502,,,,,Hungary,,,utm,,FGDIT,Modbus_Func03.Read.Holding.Validation,,38243,,,information,84.3.251.102,,1725771099982336086,,4,,,,elevated,
,,21:51:40,25855,,signature,FGVM02TM24011031,1059028704,MODBUS,,incoming,84.3.251.102,6,,2024-09-07,,-0700,root,Hungary,3,02 00 00,port7,undefined,,pass,84.3.251.103,port7,206431782,,Operational.Technology,app-ctrl,78176,,2bb0f70e-4038-51ef-134a-c9f410b48b6f,sniffer,sniffer-profile,Operational.Technology: Modbus_Read.Holding.Registers,,undefined,,502,,,,,Hungary,,,utm,,FGDIT,Modbus_Read.Holding.Registers,others,38243,,,information,84.3.251.102,,1725771099982389613,,4,,,,elevated,
,,21:51:40,16938,,signature,FGVM02TM24011031,1059028704,MODBUS,,incoming,,6,,2024-09-07,,-0700,root,Hungary,,,port7,undefined,,pass,84.3.251.103,port7,206431783,,Operational.Technology,app-ctrl,78176,,2bb0f70e-4038-51ef-134a-c9f410b48b6f,sniffer,sniffer-profile,Operational.Technology: Modbus,,undefined,,502,,,,,Hungary,,,utm,,FGDIT,Modbus,,38243,,,information,84.3.251.102,,1725771099982424488,,4,,,,elevated,
,,21:51:40,25855,,signature,FGVM02TM24011031,1059028704,MODBUS,,outgoing,84.3.251.103,6,,2024-09-07,,-0700,root,Hungary,4,00 01 00 01,port7,undefined,,pass,84.3.251.103,port7,206431790,,Operational.Technology,app-ctrl,78178,,2bb0f70e-4038-51ef-134a-c9f410b48b6f,sniffer,sniffer-profile,Operational.Technology: Modbus_Read.Holding.Registers,,undefined,,502,,,,,Hungary,,,utm,,FGDIT,Modbus_Read.Holding.Registers,others,60659,,,information,84.3.251.102,,1725771099984029577,,4,,,,elevated,
,"UnitID:0, Address:1, Address:1",21:51:40,48883,,signature,FGVM02TM24011031,1059028704,MODBUS,,outgoing,84.3.251.103,6,,2024-09-07,,-0700,root,Hungary,6,"UnitID=0,Ref=1-1,Data=00 01",port7,undefined,,pass,84.3.251.103,port7,206431791,,Operational.Technology,app-ctrl,78178,,2bb0f70e-4038-51ef-134a-c9f410b48b6f,sniffer,sniffer-profile,Operational.Technology: Modbus_Func03.Read.Holding.Validation,,undefined,,502,,,,,Hungary,,,utm,,FGDIT,Modbus_Func03.Read.Holding.Validation,others,60659,,,information,84.3.251.102,,1725771099984076638,,4,,,,elevated,
,,21:51:40,25855,,signature,FGVM02TM24011031,1059028704,MODBUS,,outgoing,,6,,2024-09-07,,-0700,root,Hungary,,,port7,undefined,,pass,84.3.251.103,port7,206431792,,Operational.Technology,app-ctrl,78178,,2bb0f70e-4038-51ef-134a-c9f410b48b6f,sniffer,sniffer-profile,Operational.Technology: Modbus_Read.Holding.Registers,,undefined,,502,,,,,Hungary,,,utm,,FGDIT,Modbus_Read.Holding.Registers,,60659,,,information,84.3.251.102,,1725771099984112814,,4,,,,elevated,
,,21:51:40,48883,,signature,FGVM02TM24011031,1059028704,MODBUS,,incoming,,6,,2024-09-07,,-0700,root,Hungary,,,port7,undefined,,pass,84.3.251.103,port7,206431793,,Operational.Technology,app-ctrl,78178,,2bb0f70e-4038-51ef-134a-c9f410b48b6f,sniffer,sniffer-profile,Operational.Technology: Modbus_Func03.Read.Holding.Validation,,undefined,,502,,,,,Hungary,,,utm,,FGDIT,Modbus_Func03.Read.Holding.Validation,,60659,,,information,84.3.251.102,,1725771099984329492,,4,,,,elevated,
,,21:51:40,25855,,signature,FGVM02TM24011031,1059028704,MODBUS,,incoming,84.3.251.102,6,,2024-09-07,,-0700,root,Hungary,3,02 00 00,port7,undefined,,pass,84.3.251.103,port7,206431794,,Operational.Technology,app-ctrl,78178,,2bb0f70e-4038-51ef-134a-c9f410b48b6f,sniffer,sniffer-profile,Operational.Technology: Modbus_Read.Holding.Registers,,undefined,,502,,,,,Hungary,,,utm,,FGDIT,Modbus_Read.Holding.Registers,others,60659,,,information,84.3.251.102,,1725771099984369730,,4,,,,elevated,
,,21:51:40,16938,,signature,FGVM02TM24011031,1059028704,MODBUS,,incoming,,6,,2024-09-07,,-0700,root,Hungary,,,port7,undefined,,pass,84.3.251.103,port7,206431795,,Operational.Technology,app-ctrl,78178,,2bb0f70e-4038-51ef-134a-c9f410b48b6f,sniffer,sniffer-profile,Operational.Technology: Modbus,,undefined,,502,,,,,Hungary,,,utm,,FGDIT,Modbus,,60659,,,information,84.3.251.102,,1725771099984398349,,4,,,,elevated,
,,21:51:40,25855,,signature,FGVM02TM24011031,1059028704,MODBUS,,outgoing,84.3.251.103,6,,2024-09-07,,-0700,root,Hungary,4,00 01 00 01,port7,undefined,,pass,84.3.251.103,port7,206431802,,Operational.Technology,app-ctrl,78180,,2bb0f70e-4038-51ef-134a-c9f410b48b6f,sniffer,sniffer-profile,Operational.Technology: Modbus_Read.Holding.Registers,,undefined,,502,,,,,Hungary,,,utm,,FGDIT,Modbus_Read.Holding.Registers,others,36901,,,information,84.3.251.102,,1725771099986263389,,4,,,,elevated,
,"UnitID:0, Address:1, Address:1",21:51:40,48883,,signature,FGVM02TM24011031,1059028704,MODBUS,,outgoing,84.3.251.103,6,,2024-09-07,,-0700,root,Hungary,6,"UnitID=0,Ref=1-1,Data=00 01",port7,undefined,,pass,84.3.251.103,port7,206431803,,Operational.Technology,app-ctrl,78180,,2bb0f70e-4038-51ef-134a-c9f410b48b6f,sniffer,sniffer-profile,Operational.Technology: Modbus_Func03.Read.Holding.Validation,,undefined,,502,,,,,Hungary,,,utm,,FGDIT,Modbus_Func03.Read.Holding.Validation,others,36901,,,information,84.3.251.102,,1725771099986310544,,4,,,,elevated,
,,21:51:40,25855,,signature,FGVM02TM24011031,1059028704,MODBUS,,outgoing,,6,,2024-09-07,,-0700,root,Hungary,,,port7,undefined,,pass,84.3.251.103,port7,206431804,,Operational.Technology,app-ctrl,78180,,2bb0f70e-4038-51ef-134a-c9f410b48b6f,sniffer,sniffer-profile,Operational.Technology: Modbus_Read.Holding.Registers,,undefined,,502,,,,,Hungary,,,utm,,FGDIT,Modbus_Read.Holding.Registers,,36901,,,information,84.3.251.102,,1725771099986338090,,4,,,,elevated,
,,21:51:40,48883,,signature,FGVM02TM24011031,1059028704,MODBUS,,incoming,,6,,2024-09-07,,-0700,root,Hungary,,,port7,undefined,,pass,84.3.251.103,port7,206431805,,Operational.Technology,app-ctrl,78180,,2bb0f70e-4038-51ef-134a-c9f410b48b6f,sniffer,sniffer-profile,Operational.Technology: Modbus_Func03.Read.Holding.Validation,,undefined,,502,,,,,Hungary,,,utm,,FGDIT,Modbus_Func03.Read.Holding.Validation,,36901,,,information,84.3.251.102,,1725771099986530983,,4,,,,elevated,
,,21:51:40,25855,,signature,FGVM02TM24011031,1059028704,MODBUS,,incoming,84.3.251.102,6,,2024-09-07,,-0700,root,Hungary,3,02 00 00,port7,undefined,,pass,84.3.251.103,port7,206431806,,Operational.Technology,app-ctrl,78180,,2bb0f70e-4038-51ef-134a-c9f410b48b6f,sniffer,sniffer-profile,Operational.Technology: Modbus_Read.Holding.Registers,,undefined,,502,,,,,Hungary,,,utm,,FGDIT,Modbus_Read.Holding.Registers,others,36901,,,information,84.3.251.102,,1725771099986570765,,4,,,,elevated,
,,21:51:40,16938,,signature,FGVM02TM24011031,1059028704,MODBUS,,incoming,,6,,2024-09-07,,-0700,root,Hungary,,,port7,undefined,,pass,84.3.251.103,port7,206431807,,Operational.Technology,app-ctrl,78180,,2bb0f70e-4038-51ef-134a-c9f410b48b6f,sniffer,sniffer-profile,Operational.Technology: Modbus,,undefined,,502,,,,,Hungary,,,utm,,FGDIT,Modbus,,36901,,,information,84.3.251.102,,1725771099986599984,,4,,,,elevated,
,,21:51:40,25855,,signature,FGVM02TM24011031,1059028704,MODBUS,,outgoing,84.3.251.103,6,,2024-09-07,,-0700,root,Hungary,4,00 01 00 01,port7,undefined,,pass,84.3.251.103,port7,206431814,,Operational.Technology,app-ctrl,78182,,2bb0f70e-4038-51ef-134a-c9f410b48b6f,sniffer,sniffer-profile,Operational.Technology: Modbus_Read.Holding.Registers,,undefined,,502,,,,,Hungary,,,utm,,FGDIT,Modbus_Read.Holding.Registers,others,50455,,,information,84.3.251.102,,1725771099987917150,,4,,,,elevated,
,"UnitID:0, Address:1, Address:1",21:51:40,48883,,signature,FGVM02TM24011031,1059028704,MODBUS,,outgoing,84.3.251.103,6,,2024-09-07,,-0700,root,Hungary,6,"UnitID=0,Ref=1-1,Data=00 01",port7,undefined,,pass,84.3.251.103,port7,206431815,,Operational.Technology,app-ctrl,78182,,2bb0f70e-4038-51ef-134a-c9f410b48b6f,sniffer,sniffer-profile,Operational.Technology: Modbus_Func03.Read.Holding.Validation,,undefined,,502,,,,,Hungary,,,utm,,FGDIT,Modbus_Func03.Read.Holding.Validation,others,50455,,,information,84.3.251.102,,1725771099987956812,,4,,,,elevated,
,,21:51:40,25855,,signature,FGVM02TM24011031,1059028704,MODBUS,,outgoing,,6,,2024-09-07,,-0700,root,Hungary,,,port7,undefined,,pass,84.3.251.103,port7,206431816,,Operational.Technology,app-ctrl,78182,,2bb0f70e-4038-51ef-134a-c9f410b48b6f,sniffer,sniffer-profile,Operational.Technology: Modbus_Read.Holding.Registers,,undefined,,502,,,,,Hungary,,,utm,,FGDIT,Modbus_Read.Holding.Registers,,50455,,,information,84.3.251.102,,1725771099987983343,,4,,,,elevated,
,,21:51:40,48883,,signature,FGVM02TM24011031,1059028704,MODBUS,,incoming,,6,,2024-09-07,,-0700,root,Hungary,,,port7,undefined,,pass,84.3.251.103,port7,206431817,,Operational.Technology,app-ctrl,78182,,2bb0f70e-4038-51ef-134a-c9f410b48b6f,sniffer,sniffer-profile,Operational.Technology: Modbus_Func03.Read.Holding.Validation,,undefined,,502,,,,,Hungary,,,utm,,FGDIT,Modbus_Func03.Read.Holding.Validation,,50455,,,information,84.3.251.102,,1725771099988162548,,4,,,,elevated,
,,21:51:40,25855,,signature,FGVM02TM24011031,1059028704,MODBUS,,incoming,84.3.251.102,6,,2024-09-07,,-0700,root,Hungary,3,02 00 00,port7,undefined,,pass,84.3.251.103,port7,206431818,,Operational.Technology,app-ctrl,78182,,2bb0f70e-4038-51ef-134a-c9f410b48b6f,sniffer,sniffer-profile,Operational.Technology: Modbus_Read.Holding.Registers,,undefined,,502,,,,,Hungary,,,utm,,FGDIT,Modbus_Read.Holding.Registers,others,50455,,,information,84.3.251.102,,1725771099988200693,,4,,,,elevated,
,,21:51:40,16938,,signature,FGVM02TM24011031,1059028704,MODBUS,,incoming,,6,,2024-09-07,,-0700,root,Hungary,,,port7,undefined,,pass,84.3.251.103,port7,206431819,,Operational.Technology,app-ctrl,78182,,2bb0f70e-4038-51ef-134a-c9f410b48b6f,sniffer,sniffer-profile,Operational.Technology: Modbus,,undefined,,502,,,,,Hungary,,,utm,,FGDIT,Modbus,,50455,,,information,84.3.251.102,,1725771099988229085,,4,,,,elevated,
,,21:51:40,25855,,signature,FGVM02TM24011031,1059028704,MODBUS,,outgoing,84.3.251.103,6,,2024-09-07,,-0700,root,Hungary,4,00 01 00 01,port7,undefined,,pass,84.3.251.103,port7,206431826,,Operational.Technology,app-ctrl,78184,,2bb0f70e-4038-51ef-134a-c9f410b48b6f,sniffer,sniffer-profile,Operational.Technology: Modbus_Read.Holding.Registers,,undefined,,502,,,,,Hungary,,,utm,,FGDIT,Modbus_Read.Holding.Registers,others,47423,,,information,84.3.251.102,,1725771099989523640,,4,,,,elevated,
,"UnitID:0, Address:1, Address:1",21:51:40,48883,,signature,FGVM02TM24011031,1059028704,MODBUS,,outgoing,84.3.251.103,6,,2024-09-07,,-0700,root,Hungary,6,"UnitID=0,Ref=1-1,Data=00 01",port7,undefined,,pass,84.3.251.103,port7,206431827,,Operational.Technology,app-ctrl,78184,,2bb0f70e-4038-51ef-134a-c9f410b48b6f,sniffer,sniffer-profile,Operational.Technology: Modbus_Func03.Read.Holding.Validation,,undefined,,502,,,,,Hungary,,,utm,,FGDIT,Modbus_Func03.Read.Holding.Validation,others,47423,,,information,84.3.251.102,,1725771099989556232,,4,,,,elevated,
,,21:51:40,25855,,signature,FGVM02TM24011031,1059028704,MODBUS,,outgoing,,6,,2024-09-07,,-0700,root,Hungary,,,port7,undefined,,pass,84.3.251.103,port7,206431828,,Operational.Technology,app-ctrl,78184,,2bb0f70e-4038-51ef-134a-c9f410b48b6f,sniffer,sniffer-profile,Operational.Technology: Modbus_Read.Holding.Registers,,undefined,,502,,,,,Hungary,,,utm,,FGDIT,Modbus_Read.Holding.Registers,,47423,,,information,84.3.251.102,,1725771099989578655,,4,,,,elevated,
,,21:51:40,48883,,signature,FGVM02TM24011031,1059028704,MODBUS,,incoming,,6,,2024-09-07,,-0700,root,Hungary,,,port7,undefined,,pass,84.3.251.103,port7,206431829,,Operational.Technology,app-ctrl,78184,,2bb0f70e-4038-51ef-134a-c9f410b48b6f,sniffer,sniffer-profile,Operational.Technology: Modbus_Func03.Read.Holding.Validation,,undefined,,502,,,,,Hungary,,,utm,,FGDIT,Modbus_Func03.Read.Holding.Validation,,47423,,,information,84.3.251.102,,1725771099989728600,,4,,,,elevated,
,,21:51:40,25855,,signature,FGVM02TM24011031,1059028704,MODBUS,,incoming,84.3.251.102,6,,2024-09-07,,-0700,root,Hungary,3,02 00 00,port7,undefined,,pass,84.3.251.103,port7,206431830,,Operational.Technology,app-ctrl,78184,,2bb0f70e-4038-51ef-134a-c9f410b48b6f,sniffer,sniffer-profile,Operational.Technology: Modbus_Read.Holding.Registers,,undefined,,502,,,,,Hungary,,,utm,,FGDIT,Modbus_Read.Holding.Registers,others,47423,,,information,84.3.251.102,,1725771099989760688,,4,,,,elevated,
,,21:51:40,16938,,signature,FGVM02TM24011031,1059028704,MODBUS,,incoming,,6,,2024-09-07,,-0700,root,Hungary,,,port7,undefined,,pass,84.3.251.103,port7,206431831,,Operational.Technology,app-ctrl,78184,,2bb0f70e-4038-51ef-134a-c9f410b48b6f,sniffer,sniffer-profile,Operational.Technology: Modbus,,undefined,,502,,,,,Hungary,,,utm,,FGDIT,Modbus,,47423,,,information,84.3.251.102,,1725771099989784479,,4,,,,elevated,
,,21:51:40,25855,,signature,FGVM02TM24011031,1059028704,MODBUS,,outgoing,84.3.251.103,6,,2024-09-07,,-0700,root,Hungary,4,00 01 00 01,port7,undefined,,pass,84.3.251.103,port7,206431838,,Operational.Technology,app-ctrl,78186,,2bb0f70e-4038-51ef-134a-c9f410b48b6f,sniffer,sniffer-profile,Operational.Technology: Modbus_Read.Holding.Registers,,undefined,,502,,,,,Hungary,,,utm,,FGDIT,Modbus_Read.Holding.Registers,others,54861,,,information,84.3.251.102,,1725771099990887101,,4,,,,elevated,
,"UnitID:0, Address:1, Address:1",21:51:40,48883,,signature,FGVM02TM24011031,1059028704,MODBUS,,outgoing,84.3.251.103,6,,2024-09-07,,-0700,root,Hungary,6,"UnitID=0,Ref=1-1,Data=00 01",port7,undefined,,pass,84.3.251.103,port7,206431839,,Operational.Technology,app-ctrl,78186,,2bb0f70e-4038-51ef-134a-c9f410b48b6f,sniffer,sniffer-profile,Operational.Technology: Modbus_Func03.Read.Holding.Validation,,undefined,,502,,,,,Hungary,,,utm,,FGDIT,Modbus_Func03.Read.Holding.Validation,others,54861,,,information,84.3.251.102,,1725771099990920329,,4,,,,elevated,
,,21:51:40,25855,,signature,FGVM02TM24011031,1059028704,MODBUS,,outgoing,,6,,2024-09-07,,-0700,root,Hungary,,,port7,undefined,,pass,84.3.251.103,port7,206431840,,Operational.Technology,app-ctrl,78186,,2bb0f70e-4038-51ef-134a-c9f410b48b6f,sniffer,sniffer-profile,Operational.Technology: Modbus_Read.Holding.Registers,,undefined,,502,,,,,Hungary,,,utm,,FGDIT,Modbus_Read.Holding.Registers,,54861,,,information,84.3.251.102,,1725771099990945837,,4,,,,elevated,
,,21:51:40,48883,,signature,FGVM02TM24011031,1059028704,MODBUS,,incoming,,6,,2024-09-07,,-0700,root,Hungary,,,port7,undefined,,pass,84.3.251.103,port7,206431841,,Operational.Technology,app-ctrl,78186,,2bb0f70e-4038-51ef-134a-c9f410b48b6f,sniffer,sniffer-profile,Operational.Technology: Modbus_Func03.Read.Holding.Validation,,undefined,,502,,,,,Hungary,,,utm,,FGDIT,Modbus_Func03.Read.Holding.Validation,,54861,,,information,84.3.251.102,,1725771099991097294,,4,,,,elevated,
,,21:51:40,25855,,signature,FGVM02TM24011031,1059028704,MODBUS,,incoming,84.3.251.102,6,,2024-09-07,,-0700,root,Hungary,3,02 00 00,port7,undefined,,pass,84.3.251.103,port7,206431842,,Operational.Technology,app-ctrl,78186,,2bb0f70e-4038-51ef-134a-c9f410b48b6f,sniffer,sniffer-profile,Operational.Technology: Modbus_Read.Holding.Registers,,undefined,,502,,,,,Hungary,,,utm,,FGDIT,Modbus_Read.Holding.Registers,others,54861,,,information,84.3.251.102,,1725771099991129373,,4,,,,elevated,
,,21:51:40,16938,,signature,FGVM02TM24011031,1059028704,MODBUS,,incoming,,6,,2024-09-07,,-0700,root,Hungary,,,port7,undefined,,pass,84.3.251.103,port7,206431843,,Operational.Technology,app-ctrl,78186,,2bb0f70e-4038-51ef-134a-c9f410b48b6f,sniffer,sniffer-profile,Operational.Technology: Modbus,,undefined,,502,,,,,Hungary,,,utm,,FGDIT,Modbus,,54861,,,information,84.3.251.102,,1725771099991156257,,4,,,,elevated,
,,21:51:40,25855,,signature,FGVM02TM24011031,1059028704,MODBUS,,outgoing,84.3.251.103,6,,2024-09-07,,-0700,root,Hungary,4,00 01 00 01,port7,undefined,,pass,84.3.251.103,port7,206431850,,Operational.Technology,app-ctrl,78188,,2bb0f70e-4038-51ef-134a-c9f410b48b6f,sniffer,sniffer-profile,Operational.Technology: Modbus_Read.Holding.Registers,,undefined,,502,,,,,Hungary,,,utm,,FGDIT,Modbus_Read.Holding.Registers,others,35741,,,information,84.3.251.102,,1725771099992267862,,4,,,,elevated,
,"UnitID:0, Address:1, Address:1",21:51:40,48883,,signature,FGVM02TM24011031,1059028704,MODBUS,,outgoing,84.3.251.103,6,,2024-09-07,,-0700,root,Hungary,6,"UnitID=0,Ref=1-1,Data=00 01",port7,undefined,,pass,84.3.251.103,port7,206431851,,Operational.Technology,app-ctrl,78188,,2bb0f70e-4038-51ef-134a-c9f410b48b6f,sniffer,sniffer-profile,Operational.Technology: Modbus_Func03.Read.Holding.Validation,,undefined,,502,,,,,Hungary,,,utm,,FGDIT,Modbus_Func03.Read.Holding.Validation,others,35741,,,information,84.3.251.102,,1725771099992300701,,4,,,,elevated,
,,21:51:40,25855,,signature,FGVM02TM24011031,1059028704,MODBUS,,outgoing,,6,,2024-09-07,,-0700,root,Hungary,,,port7,undefined,,pass,84.3.251.103,port7,206431852,,Operational.Technology,app-ctrl,78188,,2bb0f70e-4038-51ef-134a-c9f410b48b6f,sniffer,sniffer-profile,Operational.Technology: Modbus_Read.Holding.Registers,,undefined,,502,,,,,Hungary,,,utm,,FGDIT,Modbus_Read.Holding.Registers,,35741,,,information,84.3.251.102,,1725771099992322914,,4,,,,elevated,
,,21:51:40,48883,,signature,FGVM02TM24011031,1059028704,MODBUS,,incoming,,6,,2024-09-07,,-0700,root,Hungary,,,port7,undefined,,pass,84.3.251.103,port7,206431853,,Operational.Technology,app-ctrl,78188,,2bb0f70e-4038-51ef-134a-c9f410b48b6f,sniffer,sniffer-profile,Operational.Technology: Modbus_Func03.Read.Holding.Validation,,undefined,,502,,,,,Hungary,,,utm,,FGDIT,Modbus_Func03.Read.Holding.Validation,,35741,,,information,84.3.251.102,,1725771099992469552,,4,,,,elevated,
,,21:51:40,25855,,signature,FGVM02TM24011031,1059028704,MODBUS,,incoming,84.3.251.102,6,,2024-09-07,,-0700,root,Hungary,3,02 00 00,port7,undefined,,pass,84.3.251.103,port7,206431854,,Operational.Technology,app-ctrl,78188,,2bb0f70e-4038-51ef-134a-c9f410b48b6f,sniffer,sniffer-profile,Operational.Technology: Modbus_Read.Holding.Registers,,undefined,,502,,,,,Hungary,,,utm,,FGDIT,Modbus_Read.Holding.Registers,others,35741,,,information,84.3.251.102,,1725771099992503124,,4,,,,elevated,
,,21:51:40,16938,,signature,FGVM02TM24011031,1059028704,MODBUS,,incoming,,6,,2024-09-07,,-0700,root,Hungary,,,port7,undefined,,pass,84.3.251.103,port7,206431855,,Operational.Technology,app-ctrl,78188,,2bb0f70e-4038-51ef-134a-c9f410b48b6f,sniffer,sniffer-profile,Operational.Technology: Modbus,,undefined,,502,,,,,Hungary,,,utm,,FGDIT,Modbus,,35741,,,information,84.3.251.102,,1725771099992529733,,4,,,,elevated,
,,21:51:40,24466,,signature,FGVM02TM24011031,1059028704,PING,,outgoing,,1,,2024-09-07,,-0700,root,Hungary,,,port7,undefined,,pass,84.3.251.102,port7,206431723,,Network.Service,app-ctrl,78163,,2bb0f70e-4038-51ef-134a-c9f410b48b6f,sniffer,sniffer-profile,Network.Service: Ping,,undefined,,,,,,,Hungary,0x7ee7,,utm,,FGDIT,Ping,,,,,information,84.3.251.103,0x00,1725771099942646189,,4,,,0x08,elevated,
,,21:51:40,25855,,signature,FGVM02TM24011031,1059028704,MODBUS,,outgoing,84.3.251.103,6,,2024-09-07,,-0700,root,Hungary,4,00 01 00 01,port7,undefined,,pass,84.3.251.103,port7,206431724,,Operational.Technology,app-ctrl,78167,,2bb0f70e-4038-51ef-134a-c9f410b48b6f,sniffer,sniffer-profile,Operational.Technology: Modbus_Read.Holding.Registers,,undefined,,502,,,,,Hungary,,,utm,,FGDIT,Modbus_Read.Holding.Registers,others,40127,,,information,84.3.251.102,,1725771099950798346,,4,,,,elevated,
,"UnitID:0, Address:1, Address:1",21:51:40,48883,,signature,FGVM02TM24011031,1059028704,MODBUS,,outgoing,84.3.251.103,6,,2024-09-07,,-0700,root,Hungary,6,"UnitID=0,Ref=1-1,Data=00 01",port7,undefined,,pass,84.3.251.103,port7,206431725,,Operational.Technology,app-ctrl,78167,,2bb0f70e-4038-51ef-134a-c9f410b48b6f,sniffer,sniffer-profile,Operational.Technology: Modbus_Func03.Read.Holding.Validation,,undefined,,502,,,,,Hungary,,,utm,,FGDIT,Modbus_Func03.Read.Holding.Validation,others,40127,,,information,84.3.251.102,,1725771099950951191,,4,,,,elevated,
,,21:51:40,25855,,signature,FGVM02TM24011031,1059028704,MODBUS,,outgoing,,6,,2024-09-07,,-0700,root,Hungary,,,port7,undefined,,pass,84.3.251.103,port7,206431726,,Operational.Technology,app-ctrl,78167,,2bb0f70e-4038-51ef-134a-c9f410b48b6f,sniffer,sniffer-profile,Operational.Technology: Modbus_Read.Holding.Registers,,undefined,,502,,,,,Hungary,,,utm,,FGDIT,Modbus_Read.Holding.Registers,,40127,,,information,84.3.251.102,,1725771099951061560,,4,,,,elevated,
,,21:51:40,48883,,signature,FGVM02TM24011031,1059028704,MODBUS,,incoming,,6,,2024-09-07,,-0700,root,Hungary,,,port7,undefined,,pass,84.3.251.103,port7,206431727,,Operational.Technology,app-ctrl,78167,,2bb0f70e-4038-51ef-134a-c9f410b48b6f,sniffer,sniffer-profile,Operational.Technology: Modbus_Func03.Read.Holding.Validation,,undefined,,502,,,,,Hungary,,,utm,,FGDIT,Modbus_Func03.Read.Holding.Validation,,40127,,,information,84.3.251.102,,1725771099951781515,,4,,,,elevated,
,,21:51:40,25855,,signature,FGVM02TM24011031,1059028704,MODBUS,,incoming,84.3.251.102,6,,2024-09-07,,-0700,root,Hungary,3,02 00 00,port7,undefined,,pass,84.3.251.103,port7,206431728,,Operational.Technology,app-ctrl,78167,,2bb0f70e-4038-51ef-134a-c9f410b48b6f,sniffer,sniffer-profile,Operational.Technology: Modbus_Read.Holding.Registers,,undefined,,502,,,,,Hungary,,,utm,,FGDIT,Modbus_Read.Holding.Registers,others,40127,,,information,84.3.251.102,,1725771099951910220,,4,,,,elevated,
,,21:51:40,16938,,signature,FGVM02TM24011031,1059028704,MODBUS,,incoming,,6,,2024-09-07,,-0700,root,Hungary,,,port7,undefined,,pass,84.3.251.103,port7,206431729,,Operational.Technology,app-ctrl,78167,,2bb0f70e-4038-51ef-134a-c9f410b48b6f,sniffer,sniffer-profile,Operational.Technology: Modbus,,undefined,,502,,,,,Hungary,,,utm,,FGDIT,Modbus,,40127,,,information,84.3.251.102,,1725771099952016939,,4,,,,elevated,
,,21:51:40,25855,,signature,FGVM02TM24011031,1059028704,MODBUS,,outgoing,84.3.251.103,6,,2024-09-07,,-0700,root,Hungary,4,00 01 00 01,port7,undefined,,pass,84.3.251.103,port7,206431736,,Operational.Technology,app-ctrl,78169,,2bb0f70e-4038-51ef-134a-c9f410b48b6f,sniffer,sniffer-profile,Operational.Technology: Modbus_Read.Holding.Registers,,undefined,,502,,,,,Hungary,,,utm,,FGDIT,Modbus_Read.Holding.Registers,others,45727,,,information,84.3.251.102,,1725771099957105535,,4,,,,elevated,
,"UnitID:0, Address:1, Address:1",21:51:40,48883,,signature,FGVM02TM24011031,1059028704,MODBUS,,outgoing,84.3.251.103,6,,2024-09-07,,-0700,root,Hungary,6,"UnitID=0,Ref=1-1,Data=00 01",port7,undefined,,pass,84.3.251.103,port7,206431737,,Operational.Technology,app-ctrl,78169,,2bb0f70e-4038-51ef-134a-c9f410b48b6f,sniffer,sniffer-profile,Operational.Technology: Modbus_Func03.Read.Holding.Validation,,undefined,,502,,,,,Hungary,,,utm,,FGDIT,Modbus_Func03.Read.Holding.Validation,others,45727,,,information,84.3.251.102,,1725771099957247200,,4,,,,elevated,
,,21:51:40,25855,,signature,FGVM02TM24011031,1059028704,MODBUS,,outgoing,,6,,2024-09-07,,-0700,root,Hungary,,,port7,undefined,,pass,84.3.251.103,port7,206431738,,Operational.Technology,app-ctrl,78169,,2bb0f70e-4038-51ef-134a-c9f410b48b6f,sniffer,sniffer-profile,Operational.Technology: Modbus_Read.Holding.Registers,,undefined,,502,,,,,Hungary,,,utm,,FGDIT,Modbus_Read.Holding.Registers,,45727,,,information,84.3.251.102,,1725771099958021172,,4,,,,elevated,
,,21:51:40,48883,,signature,FGVM02TM24011031,1059028704,MODBUS,,incoming,,6,,2024-09-07,,-0700,root,Hungary,,,port7,undefined,,pass,84.3.251.103,port7,206431739,,Operational.Technology,app-ctrl,78169,,2bb0f70e-4038-51ef-134a-c9f410b48b6f,sniffer,sniffer-profile,Operational.Technology: Modbus_Func03.Read.Holding.Validation,,undefined,,502,,,,,Hungary,,,utm,,FGDIT,Modbus_Func03.Read.Holding.Validation,,45727,,,information,84.3.251.102,,1725771099958714351,,4,,,,elevated,
,,21:51:40,25855,,signature,FGVM02TM24011031,1059028704,MODBUS,,incoming,84.3.251.102,6,,2024-09-07,,-0700,root,Hungary,3,02 00 00,port7,undefined,,pass,84.3.251.103,port7,206431740,,Operational.Technology,app-ctrl,78169,,2bb0f70e-4038-51ef-134a-c9f410b48b6f,sniffer,sniffer-profile,Operational.Technology: Modbus_Read.Holding.Registers,,undefined,,502,,,,,Hungary,,,utm,,FGDIT,Modbus_Read.Holding.Registers,others,45727,,,information,84.3.251.102,,1725771099958819910,,4,,,,elevated,
,,21:51:40,16938,,signature,FGVM02TM24011031,1059028704,MODBUS,,incoming,,6,,2024-09-07,,-0700,root,Hungary,,,port7,undefined,,pass,84.3.251.103,port7,206431741,,Operational.Technology,app-ctrl,78169,,2bb0f70e-4038-51ef-134a-c9f410b48b6f,sniffer,sniffer-profile,Operational.Technology: Modbus,,undefined,,502,,,,,Hungary,,,utm,,FGDIT,Modbus,,45727,,,information,84.3.251.102,,1725771099958896527,,4,,,,elevated,
,,21:51:40,25855,,signature,FGVM02TM24011031,1059028704,MODBUS,,outgoing,84.3.251.103,6,,2024-09-07,,-0700,root,Hungary,4,00 01 00 01,port7,undefined,,pass,84.3.251.103,port7,206431748,,Operational.Technology,app-ctrl,78171,,2bb0f70e-4038-51ef-134a-c9f410b48b6f,sniffer,sniffer-profile,Operational.Technology: Modbus_Read.Holding.Registers,,undefined,,502,,,,,Hungary,,,utm,,FGDIT,Modbus_Read.Holding.Registers,others,33381,,,information,84.3.251.102,,1725771099976122633,,4,,,,elevated,
,"UnitID:0, Address:1, Address:1",21:51:40,48883,,signature,FGVM02TM24011031,1059028704,MODBUS,,outgoing,84.3.251.103,6,,2024-09-07,,-0700,root,Hungary,6,"UnitID=0,Ref=1-1,Data=00 01",port7,undefined,,pass,84.3.251.103,port7,206431749,,Operational.Technology,app-ctrl,78171,,2bb0f70e-4038-51ef-134a-c9f410b48b6f,sniffer,sniffer-profile,Operational.Technology: Modbus_Func03.Read.Holding.Validation,,undefined,,502,,,,,Hungary,,,utm,,FGDIT,Modbus_Func03.Read.Holding.Validation,others,33381,,,information,84.3.251.102,,1725771099976190545,,4,,,,elevated,
,,21:51:40,25855,,signature,FGVM02TM24011031,1059028704,MODBUS,,outgoing,,6,,2024-09-07,,-0700,root,Hungary,,,port7,undefined,,pass,84.3.251.103,port7,206431750,,Operational.Technology,app-ctrl,78171,,2bb0f70e-4038-51ef-134a-c9f410b48b6f,sniffer,sniffer-profile,Operational.Technology: Modbus_Read.Holding.Registers,,undefined,,502,,,,,Hungary,,,utm,,FGDIT,Modbus_Read.Holding.Registers,,33381,,,information,84.3.251.102,,1725771099976245098,,4,,,,elevated,
,,21:51:40,48883,,signature,FGVM02TM24011031,1059028704,MODBUS,,incoming,,6,,2024-09-07,,-0700,root,Hungary,,,port7,undefined,,pass,84.3.251.103,port7,206431751,,Operational.Technology,app-ctrl,78171,,2bb0f70e-4038-51ef-134a-c9f410b48b6f,sniffer,sniffer-profile,Operational.Technology: Modbus_Func03.Read.Holding.Validation,,undefined,,502,,,,,Hungary,,,utm,,FGDIT,Modbus_Func03.Read.Holding.Validation,,33381,,,information,84.3.251.102,,1725771099976538760,,4,,,,elevated,
,,21:51:40,25855,,signature,FGVM02TM24011031,1059028704,MODBUS,,incoming,84.3.251.102,6,,2024-09-07,,-0700,root,Hungary,3,02 00 00,port7,undefined,,pass,84.3.251.103,port7,206431752,,Operational.Technology,app-ctrl,78171,,2bb0f70e-4038-51ef-134a-c9f410b48b6f,sniffer,sniffer-profile,Operational.Technology: Modbus_Read.Holding.Registers,,undefined,,502,,,,,Hungary,,,utm,,FGDIT,Modbus_Read.Holding.Registers,others,33381,,,information,84.3.251.102,,1725771099976605963,,4,,,,elevated,
,,21:51:40,16938,,signature,FGVM02TM24011031,1059028704,MODBUS,,incoming,,6,,2024-09-07,,-0700,root,Hungary,,,port7,undefined,,pass,84.3.251.103,port7,206431753,,Operational.Technology,app-ctrl,78171,,2bb0f70e-4038-51ef-134a-c9f410b48b6f,sniffer,sniffer-profile,Operational.Technology: Modbus,,undefined,,502,,,,,Hungary,,,utm,,FGDIT,Modbus,,33381,,,information,84.3.251.102,,1725771099976652550,,4,,,,elevated,
,,21:51:40,25855,,signature,FGVM02TM24011031,1059028704,MODBUS,,outgoing,84.3.251.103,6,,2024-09-07,,-0700,root,Hungary,4,00 01 00 01,port7,undefined,,pass,84.3.251.103,port7,206431760,,Operational.Technology,app-ctrl,78173,,2bb0f70e-4038-51ef-134a-c9f410b48b6f,sniffer,sniffer-profile,Operational.Technology: Modbus_Read.Holding.Registers,,undefined,,502,,,,,Hungary,,,utm,,FGDIT,Modbus_Read.Holding.Registers,others,58207,,,information,84.3.251.102,,1725771099978968794,,4,,,,elevated,
,"UnitID:0, Address:1, Address:1",21:51:40,48883,,signature,FGVM02TM24011031,1059028704,MODBUS,,outgoing,84.3.251.103,6,,2024-09-07,,-0700,root,Hungary,6,"UnitID=0,Ref=1-1,Data=00 01",port7,undefined,,pass,84.3.251.103,port7,206431761,,Operational.Technology,app-ctrl,78173,,2bb0f70e-4038-51ef-134a-c9f410b48b6f,sniffer,sniffer-profile,Operational.Technology: Modbus_Func03.Read.Holding.Validation,,undefined,,502,,,,,Hungary,,,utm,,FGDIT,Modbus_Func03.Read.Holding.Validation,others,58207,,,information,84.3.251.102,,1725771099979031714,,4,,,,elevated,
,,21:51:40,25855,,signature,FGVM02TM24011031,1059028704,MODBUS,,outgoing,,6,,2024-09-07,,-0700,root,Hungary,,,port7,undefined,,pass,84.3.251.103,port7,206431762,,Operational.Technology,app-ctrl,78173,,2bb0f70e-4038-51ef-134a-c9f410b48b6f,sniffer,sniffer-profile,Operational.Technology: Modbus_Read.Holding.Registers,,undefined,,502,,,,,Hungary,,,utm,,FGDIT,Modbus_Read.Holding.Registers,,58207,,,information,84.3.251.102,,1725771099979080483,,4,,,,elevated,
,,21:51:40,48883,,signature,FGVM02TM24011031,1059028704,MODBUS,,incoming,,6,,2024-09-07,,-0700,root,Hungary,,,port7,undefined,,pass,84.3.251.103,port7,206431763,,Operational.Technology,app-ctrl,78173,,2bb0f70e-4038-51ef-134a-c9f410b48b6f,sniffer,sniffer-profile,Operational.Technology: Modbus_Func03.Read.Holding.Validation,,undefined,,502,,,,,Hungary,,,utm,,FGDIT,Modbus_Func03.Read.Holding.Validation,,58207,,,information,84.3.251.102,,1725771099979358242,,4,,,,elevated,
,,21:51:40,25855,,signature,FGVM02TM24011031,1059028704,MODBUS,,incoming,84.3.251.102,6,,2024-09-07,,-0700,root,Hungary,3,02 00 00,port7,undefined,,pass,84.3.251.103,port7,206431764,,Operational.Technology,app-ctrl,78173,,2bb0f70e-4038-51ef-134a-c9f410b48b6f,sniffer,sniffer-profile,Operational.Technology: Modbus_Read.Holding.Registers,,undefined,,502,,,,,Hungary,,,utm,,FGDIT,Modbus_Read.Holding.Registers,others,58207,,,information,84.3.251.102,,1725771099979408284,,4,,,,elevated,
,,21:51:40,16938,,signature,FGVM02TM24011031,1059028704,MODBUS,,incoming,,6,,2024-09-07,,-0700,root,Hungary,,,port7,undefined,,pass,84.3.251.103,port7,206431765,,Operational.Technology,app-ctrl,78173,,2bb0f70e-4038-51ef-134a-c9f410b48b6f,sniffer,sniffer-profile,Operational.Technology: Modbus,,undefined,,502,,,,,Hungary,,,utm,,FGDIT,Modbus,,58207,,,information,84.3.251.102,,1725771099979443715,,4,,,,elevated,
,,21:51:40,25855,,signature,FGVM02TM24011031,1059028704,MODBUS,,outgoing,84.3.251.103,6,,2024-09-07,,-0700,root,Hungary,4,00 01 00 01,port7,undefined,,pass,84.3.251.103,port7,206431772,,Operational.Technology,app-ctrl,78175,,2bb0f70e-4038-51ef-134a-c9f410b48b6f,sniffer,sniffer-profile,Operational.Technology: Modbus_Read.Holding.Registers,,undefined,,502,,,,,Hungary,,,utm,,FGDIT,Modbus_Read.Holding.Registers,others,50457,,,information,84.3.251.102,,1725771099981033777,,4,,,,elevated,
,"UnitID:0, Address:1, Address:1",21:51:40,48883,,signature,FGVM02TM24011031,1059028704,MODBUS,,outgoing,84.3.251.103,6,,2024-09-07,,-0700,root,Hungary,6,"UnitID=0,Ref=1-1,Data=00 01",port7,undefined,,pass,84.3.251.103,port7,206431773,,Operational.Technology,app-ctrl,78175,,2bb0f70e-4038-51ef-134a-c9f410b48b6f,sniffer,sniffer-profile,Operational.Technology: Modbus_Func03.Read.Holding.Validation,,undefined,,502,,,,,Hungary,,,utm,,FGDIT,Modbus_Func03.Read.Holding.Validation,others,50457,,,information,84.3.251.102,,1725771099981080985,,4,,,,elevated,
,,21:51:40,25855,,signature,FGVM02TM24011031,1059028704,MODBUS,,outgoing,,6,,2024-09-07,,-0700,root,Hungary,,,port7,undefined,,pass,84.3.251.103,port7,206431774,,Operational.Technology,app-ctrl,78175,,2bb0f70e-4038-51ef-134a-c9f410b48b6f,sniffer,sniffer-profile,Operational.Technology: Modbus_Read.Holding.Registers,,undefined,,502,,,,,Hungary,,,utm,,FGDIT,Modbus_Read.Holding.Registers,,50457,,,information,84.3.251.102,,1725771099981121514,,4,,,,elevated,
,,21:51:40,48883,,signature,FGVM02TM24011031,1059028704,MODBUS,,incoming,,6,,2024-09-07,,-0700,root,Hungary,,,port7,undefined,,pass,84.3.251.103,port7,206431775,,Operational.Technology,app-ctrl,78175,,2bb0f70e-4038-51ef-134a-c9f410b48b6f,sniffer,sniffer-profile,Operational.Technology: Modbus_Func03.Read.Holding.Validation,,undefined,,502,,,,,Hungary,,,utm,,FGDIT,Modbus_Func03.Read.Holding.Validation,,50457,,,information,84.3.251.102,,1725771099981332436,,4,,,,elevated,
,,21:51:40,25855,,signature,FGVM02TM24011031,1059028704,MODBUS,,incoming,84.3.251.102,6,,2024-09-07,,-0700,root,Hungary,3,02 00 00,port7,undefined,,pass,84.3.251.103,port7,206431776,,Operational.Technology,app-ctrl,78175,,2bb0f70e-4038-51ef-134a-c9f410b48b6f,sniffer,sniffer-profile,Operational.Technology: Modbus_Read.Holding.Registers,,undefined,,502,,,,,Hungary,,,utm,,FGDIT,Modbus_Read.Holding.Registers,others,50457,,,information,84.3.251.102,,1725771099981398645,,4,,,,elevated,
,,21:51:40,16938,,signature,FGVM02TM24011031,1059028704,MODBUS,,incoming,,6,,2024-09-07,,-0700,root,Hungary,,,port7,undefined,,pass,84.3.251.103,port7,206431777,,Operational.Technology,app-ctrl,78175,,2bb0f70e-4038-51ef-134a-c9f410b48b6f,sniffer,sniffer-profile,Operational.Technology: Modbus,,undefined,,502,,,,,Hungary,,,utm,,FGDIT,Modbus,,50457,,,information,84.3.251.102,,1725771099981434168,,4,,,,elevated,
,,21:51:40,25855,,signature,FGVM02TM24011031,1059028704,MODBUS,,outgoing,84.3.251.103,6,,2024-09-07,,-0700,root,Hungary,4,00 01 00 01,port7,undefined,,pass,84.3.251.103,port7,206431784,,Operational.Technology,app-ctrl,78177,,2bb0f70e-4038-51ef-134a-c9f410b48b6f,sniffer,sniffer-profile,Operational.Technology: Modbus_Read.Holding.Registers,,undefined,,502,,,,,Hungary,,,utm,,FGDIT,Modbus_Read.Holding.Registers,others,50665,,,information,84.3.251.102,,1725771099983024700,,4,,,,elevated,
,"UnitID:0, Address:1, Address:1",21:51:40,48883,,signature,FGVM02TM24011031,1059028704,MODBUS,,outgoing,84.3.251.103,6,,2024-09-07,,-0700,root,Hungary,6,"UnitID=0,Ref=1-1,Data=00 01",port7,undefined,,pass,84.3.251.103,port7,206431785,,Operational.Technology,app-ctrl,78177,,2bb0f70e-4038-51ef-134a-c9f410b48b6f,sniffer,sniffer-profile,Operational.Technology: Modbus_Func03.Read.Holding.Validation,,undefined,,502,,,,,Hungary,,,utm,,FGDIT,Modbus_Func03.Read.Holding.Validation,others,50665,,,information,84.3.251.102,,1725771099983071937,,4,,,,elevated,
,,21:51:40,25855,,signature,FGVM02TM24011031,1059028704,MODBUS,,outgoing,,6,,2024-09-07,,-0700,root,Hungary,,,port7,undefined,,pass,84.3.251.103,port7,206431786,,Operational.Technology,app-ctrl,78177,,2bb0f70e-4038-51ef-134a-c9f410b48b6f,sniffer,sniffer-profile,Operational.Technology: Modbus_Read.Holding.Registers,,undefined,,502,,,,,Hungary,,,utm,,FGDIT,Modbus_Read.Holding.Registers,,50665,,,information,84.3.251.102,,1725771099983107800,,4,,,,elevated,
,,21:51:40,48883,,signature,FGVM02TM24011031,1059028704,MODBUS,,incoming,,6,,2024-09-07,,-0700,root,Hungary,,,port7,undefined,,pass,84.3.251.103,port7,206431787,,Operational.Technology,app-ctrl,78177,,2bb0f70e-4038-51ef-134a-c9f410b48b6f,sniffer,sniffer-profile,Operational.Technology: Modbus_Func03.Read.Holding.Validation,,undefined,,502,,,,,Hungary,,,utm,,FGDIT,Modbus_Func03.Read.Holding.Validation,,50665,,,information,84.3.251.102,,1725771099983317726,,4,,,,elevated,
,,21:51:40,25855,,signature,FGVM02TM24011031,1059028704,MODBUS,,incoming,84.3.251.102,6,,2024-09-07,,-0700,root,Hungary,3,02 00 00,port7,undefined,,pass,84.3.251.103,port7,206431788,,Operational.Technology,app-ctrl,78177,,2bb0f70e-4038-51ef-134a-c9f410b48b6f,sniffer,sniffer-profile,Operational.Technology: Modbus_Read.Holding.Registers,,undefined,,502,,,,,Hungary,,,utm,,FGDIT,Modbus_Read.Holding.Registers,others,50665,,,information,84.3.251.102,,1725771099983367638,,4,,,,elevated,
,,21:51:40,16938,,signature,FGVM02TM24011031,1059028704,MODBUS,,incoming,,6,,2024-09-07,,-0700,root,Hungary,,,port7,undefined,,pass,84.3.251.103,port7,206431789,,Operational.Technology,app-ctrl,78177,,2bb0f70e-4038-51ef-134a-c9f410b48b6f,sniffer,sniffer-profile,Operational.Technology: Modbus,,undefined,,502,,,,,Hungary,,,utm,,FGDIT,Modbus,,50665,,,information,84.3.251.102,,1725771099983402725,,4,,,,elevated,
,,21:51:40,25855,,signature,FGVM02TM24011031,1059028704,MODBUS,,outgoing,84.3.251.103,6,,2024-09-07,,-0700,root,Hungary,4,00 01 00 01,port7,undefined,,pass,84.3.251.103,port7,206431796,,Operational.Technology,app-ctrl,78179,,2bb0f70e-4038-51ef-134a-c9f410b48b6f,sniffer,sniffer-profile,Operational.Technology: Modbus_Read.Holding.Registers,,undefined,,502,,,,,Hungary,,,utm,,FGDIT,Modbus_Read.Holding.Registers,others,37829,,,information,84.3.251.102,,1725771099984878065,,4,,,,elevated,
,"UnitID:0, Address:1, Address:1",21:51:40,48883,,signature,FGVM02TM24011031,1059028704,MODBUS,,outgoing,84.3.251.103,6,,2024-09-07,,-0700,root,Hungary,6,"UnitID=0,Ref=1-1,Data=00 01",port7,undefined,,pass,84.3.251.103,port7,206431797,,Operational.Technology,app-ctrl,78179,,2bb0f70e-4038-51ef-134a-c9f410b48b6f,sniffer,sniffer-profile,Operational.Technology: Modbus_Func03.Read.Holding.Validation,,undefined,,502,,,,,Hungary,,,utm,,FGDIT,Modbus_Func03.Read.Holding.Validation,others,37829,,,information,84.3.251.102,,1725771099984915789,,4,,,,elevated,
,,21:51:40,25855,,signature,FGVM02TM24011031,1059028704,MODBUS,,outgoing,,6,,2024-09-07,,-0700,root,Hungary,,,port7,undefined,,pass,84.3.251.103,port7,206431798,,Operational.Technology,app-ctrl,78179,,2bb0f70e-4038-51ef-134a-c9f410b48b6f,sniffer,sniffer-profile,Operational.Technology: Modbus_Read.Holding.Registers,,undefined,,502,,,,,Hungary,,,utm,,FGDIT,Modbus_Read.Holding.Registers,,37829,,,information,84.3.251.102,,1725771099984947667,,4,,,,elevated,
,,21:51:40,48883,,signature,FGVM02TM24011031,1059028704,MODBUS,,incoming,,6,,2024-09-07,,-0700,root,Hungary,,,port7,undefined,,pass,84.3.251.103,port7,206431799,,Operational.Technology,app-ctrl,78179,,2bb0f70e-4038-51ef-134a-c9f410b48b6f,sniffer,sniffer-profile,Operational.Technology: Modbus_Func03.Read.Holding.Validation,,undefined,,502,,,,,Hungary,,,utm,,FGDIT,Modbus_Func03.Read.Holding.Validation,,37829,,,information,84.3.251.102,,1725771099985116425,,4,,,,elevated,
,,21:51:40,25855,,signature,FGVM02TM24011031,1059028704,MODBUS,,incoming,84.3.251.102,6,,2024-09-07,,-0700,root,Hungary,3,02 00 00,port7,undefined,,pass,84.3.251.103,port7,206431800,,Operational.Technology,app-ctrl,78179,,2bb0f70e-4038-51ef-134a-c9f410b48b6f,sniffer,sniffer-profile,Operational.Technology: Modbus_Read.Holding.Registers,,undefined,,502,,,,,Hungary,,,utm,,FGDIT,Modbus_Read.Holding.Registers,others,37829,,,information,84.3.251.102,,1725771099985156340,,4,,,,elevated,
,,21:51:40,16938,,signature,FGVM02TM24011031,1059028704,MODBUS,,incoming,,6,,2024-09-07,,-0700,root,Hungary,,,port7,undefined,,pass,84.3.251.103,port7,206431801,,Operational.Technology,app-ctrl,78179,,2bb0f70e-4038-51ef-134a-c9f410b48b6f,sniffer,sniffer-profile,Operational.Technology: Modbus,,undefined,,502,,,,,Hungary,,,utm,,FGDIT,Modbus,,37829,,,information,84.3.251.102,,1725771099985184227,,4,,,,elevated,
,,21:51:40,25855,,signature,FGVM02TM24011031,1059028704,MODBUS,,outgoing,84.3.251.103,6,,2024-09-07,,-0700,root,Hungary,4,00 01 00 01,port7,undefined,,pass,84.3.251.103,port7,206431808,,Operational.Technology,app-ctrl,78181,,2bb0f70e-4038-51ef-134a-c9f410b48b6f,sniffer,sniffer-profile,Operational.Technology: Modbus_Read.Holding.Registers,,undefined,,502,,,,,Hungary,,,utm,,FGDIT,Modbus_Read.Holding.Registers,others,45441,,,information,84.3.251.102,,1725771099987101839,,4,,,,elevated,
,"UnitID:0, Address:1, Address:1",21:51:40,48883,,signature,FGVM02TM24011031,1059028704,MODBUS,,outgoing,84.3.251.103,6,,2024-09-07,,-0700,root,Hungary,6,"UnitID=0,Ref=1-1,Data=00 01",port7,undefined,,pass,84.3.251.103,port7,206431809,,Operational.Technology,app-ctrl,78181,,2bb0f70e-4038-51ef-134a-c9f410b48b6f,sniffer,sniffer-profile,Operational.Technology: Modbus_Func03.Read.Holding.Validation,,undefined,,502,,,,,Hungary,,,utm,,FGDIT,Modbus_Func03.Read.Holding.Validation,others,45441,,,information,84.3.251.102,,1725771099987141904,,4,,,,elevated,
,,21:51:40,25855,,signature,FGVM02TM24011031,1059028704,MODBUS,,outgoing,,6,,2024-09-07,,-0700,root,Hungary,,,port7,undefined,,pass,84.3.251.103,port7,206431810,,Operational.Technology,app-ctrl,78181,,2bb0f70e-4038-51ef-134a-c9f410b48b6f,sniffer,sniffer-profile,Operational.Technology: Modbus_Read.Holding.Registers,,undefined,,502,,,,,Hungary,,,utm,,FGDIT,Modbus_Read.Holding.Registers,,45441,,,information,84.3.251.102,,1725771099987168209,,4,,,,elevated,
,,21:51:40,48883,,signature,FGVM02TM24011031,1059028704,MODBUS,,incoming,,6,,2024-09-07,,-0700,root,Hungary,,,port7,undefined,,pass,84.3.251.103,port7,206431811,,Operational.Technology,app-ctrl,78181,,2bb0f70e-4038-51ef-134a-c9f410b48b6f,sniffer,sniffer-profile,Operational.Technology: Modbus_Func03.Read.Holding.Validation,,undefined,,502,,,,,Hungary,,,utm,,FGDIT,Modbus_Func03.Read.Holding.Validation,,45441,,,information,84.3.251.102,,1725771099987347501,,4,,,,elevated,
,,21:51:40,25855,,signature,FGVM02TM24011031,1059028704,MODBUS,,incoming,84.3.251.102,6,,2024-09-07,,-0700,root,Hungary,3,02 00 00,port7,undefined,,pass,84.3.251.103,port7,206431812,,Operational.Technology,app-ctrl,78181,,2bb0f70e-4038-51ef-134a-c9f410b48b6f,sniffer,sniffer-profile,Operational.Technology: Modbus_Read.Holding.Registers,,undefined,,502,,,,,Hungary,,,utm,,FGDIT,Modbus_Read.Holding.Registers,others,45441,,,information,84.3.251.102,,1725771099987386598,,4,,,,elevated,
,,21:51:40,16938,,signature,FGVM02TM24011031,1059028704,MODBUS,,incoming,,6,,2024-09-07,,-0700,root,Hungary,,,port7,undefined,,pass,84.3.251.103,port7,206431813,,Operational.Technology,app-ctrl,78181,,2bb0f70e-4038-51ef-134a-c9f410b48b6f,sniffer,sniffer-profile,Operational.Technology: Modbus,,undefined,,502,,,,,Hungary,,,utm,,FGDIT,Modbus,,45441,,,information,84.3.251.102,,1725771099987415331,,4,,,,elevated,
,,21:51:40,25855,,signature,FGVM02TM24011031,1059028704,MODBUS,,outgoing,84.3.251.103,6,,2024-09-07,,-0700,root,Hungary,4,00 01 00 01,port7,undefined,,pass,84.3.251.103,port7,206431820,,Operational.Technology,app-ctrl,78183,,2bb0f70e-4038-51ef-134a-c9f410b48b6f,sniffer,sniffer-profile,Operational.Technology: Modbus_Read.Holding.Registers,,undefined,,502,,,,,Hungary,,,utm,,FGDIT,Modbus_Read.Holding.Registers,others,50819,,,information,84.3.251.102,,1725771099988726720,,4,,,,elevated,
,"UnitID:0, Address:1, Address:1",21:51:40,48883,,signature,FGVM02TM24011031,1059028704,MODBUS,,outgoing,84.3.251.103,6,,2024-09-07,,-0700,root,Hungary,6,"UnitID=0,Ref=1-1,Data=00 01",port7,undefined,,pass,84.3.251.103,port7,206431821,,Operational.Technology,app-ctrl,78183,,2bb0f70e-4038-51ef-134a-c9f410b48b6f,sniffer,sniffer-profile,Operational.Technology: Modbus_Func03.Read.Holding.Validation,,undefined,,502,,,,,Hungary,,,utm,,FGDIT,Modbus_Func03.Read.Holding.Validation,others,50819,,,information,84.3.251.102,,1725771099988766206,,4,,,,elevated,
,,21:51:40,25855,,signature,FGVM02TM24011031,1059028704,MODBUS,,outgoing,,6,,2024-09-07,,-0700,root,Hungary,,,port7,undefined,,pass,84.3.251.103,port7,206431822,,Operational.Technology,app-ctrl,78183,,2bb0f70e-4038-51ef-134a-c9f410b48b6f,sniffer,sniffer-profile,Operational.Technology: Modbus_Read.Holding.Registers,,undefined,,502,,,,,Hungary,,,utm,,FGDIT,Modbus_Read.Holding.Registers,,50819,,,information,84.3.251.102,,1725771099988793006,,4,,,,elevated,
,,21:51:40,48883,,signature,FGVM02TM24011031,1059028704,MODBUS,,incoming,,6,,2024-09-07,,-0700,root,Hungary,,,port7,undefined,,pass,84.3.251.103,port7,206431823,,Operational.Technology,app-ctrl,78183,,2bb0f70e-4038-51ef-134a-c9f410b48b6f,sniffer,sniffer-profile,Operational.Technology: Modbus_Func03.Read.Holding.Validation,,undefined,,502,,,,,Hungary,,,utm,,FGDIT,Modbus_Func03.Read.Holding.Validation,,50819,,,information,84.3.251.102,,1725771099988976058,,4,,,,elevated,
,,21:51:40,25855,,signature,FGVM02TM24011031,1059028704,MODBUS,,incoming,84.3.251.102,6,,2024-09-07,,-0700,root,Hungary,3,02 00 00,port7,undefined,,pass,84.3.251.103,port7,206431824,,Operational.Technology,app-ctrl,78183,,2bb0f70e-4038-51ef-134a-c9f410b48b6f,sniffer,sniffer-profile,Operational.Technology: Modbus_Read.Holding.Registers,,undefined,,502,,,,,Hungary,,,utm,,FGDIT,Modbus_Read.Holding.Registers,others,50819,,,information,84.3.251.102,,1725771099989014805,,4,,,,elevated,
,,21:51:40,16938,,signature,FGVM02TM24011031,1059028704,MODBUS,,incoming,,6,,2024-09-07,,-0700,root,Hungary,,,port7,undefined,,pass,84.3.251.103,port7,206431825,,Operational.Technology,app-ctrl,78183,,2bb0f70e-4038-51ef-134a-c9f410b48b6f,sniffer,sniffer-profile,Operational.Technology: Modbus,,undefined,,502,,,,,Hungary,,,utm,,FGDIT,Modbus,,50819,,,information,84.3.251.102,,1725771099989043272,,4,,,,elevated,
,,21:51:40,25855,,signature,FGVM02TM24011031,1059028704,MODBUS,,outgoing,84.3.251.103,6,,2024-09-07,,-0700,root,Hungary,4,00 01 00 01,port7,undefined,,pass,84.3.251.103,port7,206431832,,Operational.Technology,app-ctrl,78185,,2bb0f70e-4038-51ef-134a-c9f410b48b6f,sniffer,sniffer-profile,Operational.Technology: Modbus_Read.Holding.Registers,,undefined,,502,,,,,Hungary,,,utm,,FGDIT,Modbus_Read.Holding.Registers,others,54667,,,information,84.3.251.102,,1725771099990207144,,4,,,,elevated,
,"UnitID:0, Address:1, Address:1",21:51:40,48883,,signature,FGVM02TM24011031,1059028704,MODBUS,,outgoing,84.3.251.103,6,,2024-09-07,,-0700,root,Hungary,6,"UnitID=0,Ref=1-1,Data=00 01",port7,undefined,,pass,84.3.251.103,port7,206431833,,Operational.Technology,app-ctrl,78185,,2bb0f70e-4038-51ef-134a-c9f410b48b6f,sniffer,sniffer-profile,Operational.Technology: Modbus_Func03.Read.Holding.Validation,,undefined,,502,,,,,Hungary,,,utm,,FGDIT,Modbus_Func03.Read.Holding.Validation,others,54667,,,information,84.3.251.102,,1725771099990240934,,4,,,,elevated,
,,21:51:40,25855,,signature,FGVM02TM24011031,1059028704,MODBUS,,outgoing,,6,,2024-09-07,,-0700,root,Hungary,,,port7,undefined,,pass,84.3.251.103,port7,206431834,,Operational.Technology,app-ctrl,78185,,2bb0f70e-4038-51ef-134a-c9f410b48b6f,sniffer,sniffer-profile,Operational.Technology: Modbus_Read.Holding.Registers,,undefined,,502,,,,,Hungary,,,utm,,FGDIT,Modbus_Read.Holding.Registers,,54667,,,information,84.3.251.102,,1725771099990263454,,4,,,,elevated,
,,21:51:40,48883,,signature,FGVM02TM24011031,1059028704,MODBUS,,incoming,,6,,2024-09-07,,-0700,root,Hungary,,,port7,undefined,,pass,84.3.251.103,port7,206431835,,Operational.Technology,app-ctrl,78185,,2bb0f70e-4038-51ef-134a-c9f410b48b6f,sniffer,sniffer-profile,Operational.Technology: Modbus_Func03.Read.Holding.Validation,,undefined,,502,,,,,Hungary,,,utm,,FGDIT,Modbus_Func03.Read.Holding.Validation,,54667,,,information,84.3.251.102,,1725771099990414841,,4,,,,elevated,
,,21:51:40,25855,,signature,FGVM02TM24011031,1059028704,MODBUS,,incoming,84.3.251.102,6,,2024-09-07,,-0700,root,Hungary,3,02 00 00,port7,undefined,,pass,84.3.251.103,port7,206431836,,Operational.Technology,app-ctrl,78185,,2bb0f70e-4038-51ef-134a-c9f410b48b6f,sniffer,sniffer-profile,Operational.Technology: Modbus_Read.Holding.Registers,,undefined,,502,,,,,Hungary,,,utm,,FGDIT,Modbus_Read.Holding.Registers,others,54667,,,information,84.3.251.102,,1725771099990447198,,4,,,,elevated,
,,21:51:40,16938,,signature,FGVM02TM24011031,1059028704,MODBUS,,incoming,,6,,2024-09-07,,-0700,root,Hungary,,,port7,undefined,,pass,84.3.251.103,port7,206431837,,Operational.Technology,app-ctrl,78185,,2bb0f70e-4038-51ef-134a-c9f410b48b6f,sniffer,sniffer-profile,Operational.Technology: Modbus,,undefined,,502,,,,,Hungary,,,utm,,FGDIT,Modbus,,54667,,,information,84.3.251.102,,1725771099990471136,,4,,,,elevated,
,,21:51:40,25855,,signature,FGVM02TM24011031,1059028704,MODBUS,,outgoing,84.3.251.103,6,,2024-09-07,,-0700,root,Hungary,4,00 01 00 01,port7,undefined,,pass,84.3.251.103,port7,206431844,,Operational.Technology,app-ctrl,78187,,2bb0f70e-4038-51ef-134a-c9f410b48b6f,sniffer,sniffer-profile,Operational.Technology: Modbus_Read.Holding.Registers,,undefined,,502,,,,,Hungary,,,utm,,FGDIT,Modbus_Read.Holding.Registers,others,35551,,,information,84.3.251.102,,1725771099991589992,,4,,,,elevated,
,"UnitID:0, Address:1, Address:1",21:51:40,48883,,signature,FGVM02TM24011031,1059028704,MODBUS,,outgoing,84.3.251.103,6,,2024-09-07,,-0700,root,Hungary,6,"UnitID=0,Ref=1-1,Data=00 01",port7,undefined,,pass,84.3.251.103,port7,206431845,,Operational.Technology,app-ctrl,78187,,2bb0f70e-4038-51ef-134a-c9f410b48b6f,sniffer,sniffer-profile,Operational.Technology: Modbus_Func03.Read.Holding.Validation,,undefined,,502,,,,,Hungary,,,utm,,FGDIT,Modbus_Func03.Read.Holding.Validation,others,35551,,,information,84.3.251.102,,1725771099991622703,,4,,,,elevated,
,,21:51:40,25855,,signature,FGVM02TM24011031,1059028704,MODBUS,,outgoing,,6,,2024-09-07,,-0700,root,Hungary,,,port7,undefined,,pass,84.3.251.103,port7,206431846,,Operational.Technology,app-ctrl,78187,,2bb0f70e-4038-51ef-134a-c9f410b48b6f,sniffer,sniffer-profile,Operational.Technology: Modbus_Read.Holding.Registers,,undefined,,502,,,,,Hungary,,,utm,,FGDIT,Modbus_Read.Holding.Registers,,35551,,,information,84.3.251.102,,1725771099991645167,,4,,,,elevated,
,,21:51:40,48883,,signature,FGVM02TM24011031,1059028704,MODBUS,,incoming,,6,,2024-09-07,,-0700,root,Hungary,,,port7,undefined,,pass,84.3.251.103,port7,206431847,,Operational.Technology,app-ctrl,78187,,2bb0f70e-4038-51ef-134a-c9f410b48b6f,sniffer,sniffer-profile,Operational.Technology: Modbus_Func03.Read.Holding.Validation,,undefined,,502,,,,,Hungary,,,utm,,FGDIT,Modbus_Func03.Read.Holding.Validation,,35551,,,information,84.3.251.102,,1725771099991793935,,4,,,,elevated,
,,21:51:40,25855,,signature,FGVM02TM24011031,1059028704,MODBUS,,incoming,84.3.251.102,6,,2024-09-07,,-0700,root,Hungary,3,02 00 00,port7,undefined,,pass,84.3.251.103,port7,206431848,,Operational.Technology,app-ctrl,78187,,2bb0f70e-4038-51ef-134a-c9f410b48b6f,sniffer,sniffer-profile,Operational.Technology: Modbus_Read.Holding.Registers,,undefined,,502,,,,,Hungary,,,utm,,FGDIT,Modbus_Read.Holding.Registers,others,35551,,,information,84.3.251.102,,1725771099991827115,,4,,,,elevated,
,,21:51:40,16938,,signature,FGVM02TM24011031,1059028704,MODBUS,,incoming,,6,,2024-09-07,,-0700,root,Hungary,,,port7,undefined,,pass,84.3.251.103,port7,206431849,,Operational.Technology,app-ctrl,78187,,2bb0f70e-4038-51ef-134a-c9f410b48b6f,sniffer,sniffer-profile,Operational.Technology: Modbus,,undefined,,502,,,,,Hungary,,,utm,,FGDIT,Modbus,,35551,,,information,84.3.251.102,,1725771099991853542,,4,,,,elevated,
14,,21:51:41,16938,12,,FGVM02TM24011031,0004000017,tcp/502,14,,,6,10,2024-09-07,1,-0700,root,Hungary,,,port7,undefined,00:0c:29:47:8c:22,accept,84.3.251.103,port7,,fa:00:bc:90:d7:fa,Industrial,sniffer,78168,0,2bb0f70e-4038-51ef-134a-c9f410b48b6f,sniffer,,,6,undefined,,502,allow,10,0.0.0.0,0,Hungary,,1,traffic,13,FGDIT,Modbus,,56271,12,00:0c:29:47:8c:22,notice,84.3.251.102,,1725771100624225429,13,4,snat,fa:00:bc:90:d7:fa,,elevated,0
14,,21:51:41,16938,12,,FGVM02TM24011031,0004000017,tcp/502,14,,,6,10,2024-09-07,1,-0700,root,Hungary,,,port7,undefined,00:0c:29:47:8c:22,accept,84.3.251.103,port7,,fa:00:bc:90:d7:fa,Industrial,sniffer,78170,0,2bb0f70e-4038-51ef-134a-c9f410b48b6f,sniffer,,,6,undefined,,502,allow,10,0.0.0.0,0,Hungary,,1,traffic,13,FGDIT,Modbus,,48705,12,00:0c:29:47:8c:22,notice,84.3.251.102,,1725771100624299966,13,4,snat,fa:00:bc:90:d7:fa,,elevated,0
14,,21:51:41,16938,12,,FGVM02TM24011031,0004000017,tcp/502,14,,,6,10,2024-09-07,1,-0700,root,Hungary,,,port7,undefined,00:0c:29:47:8c:22,accept,84.3.251.103,port7,,fa:00:bc:90:d7:fa,Industrial,sniffer,78172,0,2bb0f70e-4038-51ef-134a-c9f410b48b6f,sniffer,,,6,undefined,,502,allow,10,0.0.0.0,0,Hungary,,1,traffic,13,FGDIT,Modbus,,58527,12,00:0c:29:47:8c:22,notice,84.3.251.102,,1725771100624369388,13,4,snat,fa:00:bc:90:d7:fa,,elevated,0
14,,21:51:41,16938,12,,FGVM02TM24011031,0004000017,tcp/502,14,,,6,10,2024-09-07,1,-0700,root,Hungary,,,port7,undefined,00:0c:29:47:8c:22,accept,84.3.251.103,port7,,fa:00:bc:90:d7:fa,Industrial,sniffer,78174,0,2bb0f70e-4038-51ef-134a-c9f410b48b6f,sniffer,,,6,undefined,,502,allow,10,0.0.0.0,0,Hungary,,1,traffic,13,FGDIT,Modbus,,50349,12,00:0c:29:47:8c:22,notice,84.3.251.102,,1725771100624436822,13,4,snat,fa:00:bc:90:d7:fa,,elevated,0
14,,21:51:41,16938,12,,FGVM02TM24011031,0004000017,tcp/502,14,,,6,10,2024-09-07,1,-0700,root,Hungary,,,port7,undefined,00:0c:29:47:8c:22,accept,84.3.251.103,port7,,fa:00:bc:90:d7:fa,Industrial,sniffer,78176,0,2bb0f70e-4038-51ef-134a-c9f410b48b6f,sniffer,,,6,undefined,,502,allow,10,0.0.0.0,0,Hungary,,1,traffic,13,FGDIT,Modbus,,38243,12,00:0c:29:47:8c:22,notice,84.3.251.102,,1725771100624504219,13,4,snat,fa:00:bc:90:d7:fa,,elevated,0
14,,21:51:41,16938,12,,FGVM02TM24011031,0004000017,tcp/502,14,,,6,10,2024-09-07,1,-0700,root,Hungary,,,port7,undefined,00:0c:29:47:8c:22,accept,84.3.251.103,port7,,fa:00:bc:90:d7:fa,Industrial,sniffer,78178,0,2bb0f70e-4038-51ef-134a-c9f410b48b6f,sniffer,,,6,undefined,,502,allow,10,0.0.0.0,0,Hungary,,1,traffic,13,FGDIT,Modbus,,60659,12,00:0c:29:47:8c:22,notice,84.3.251.102,,1725771100624586577,13,4,snat,fa:00:bc:90:d7:fa,,elevated,0
14,,21:51:41,16938,12,,FGVM02TM24011031,0004000017,tcp/502,14,,,6,10,2024-09-07,1,-0700,root,Hungary,,,port7,undefined,00:0c:29:47:8c:22,accept,84.3.251.103,port7,,fa:00:bc:90:d7:fa,Industrial,sniffer,78180,0,2bb0f70e-4038-51ef-134a-c9f410b48b6f,sniffer,,,6,undefined,,502,allow,10,0.0.0.0,0,Hungary,,1,traffic,13,FGDIT,Modbus,,36901,12,00:0c:29:47:8c:22,notice,84.3.251.102,,1725771100624653731,13,4,snat,fa:00:bc:90:d7:fa,,elevated,0
14,,21:51:41,16938,12,,FGVM02TM24011031,0004000017,tcp/502,14,,,6,10,2024-09-07,1,-0700,root,Hungary,,,port7,undefined,00:0c:29:47:8c:22,accept,84.3.251.103,port7,,fa:00:bc:90:d7:fa,Industrial,sniffer,78182,0,2bb0f70e-4038-51ef-134a-c9f410b48b6f,sniffer,,,6,undefined,,502,allow,10,0.0.0.0,0,Hungary,,1,traffic,13,FGDIT,Modbus,,50455,12,00:0c:29:47:8c:22,notice,84.3.251.102,,1725771100624721673,13,4,snat,fa:00:bc:90:d7:fa,,elevated,0
14,,21:51:41,16938,12,,FGVM02TM24011031,0004000017,tcp/502,14,,,6,10,2024-09-07,1,-0700,root,Hungary,,,port7,undefined,00:0c:29:47:8c:22,accept,84.3.251.103,port7,,fa:00:bc:90:d7:fa,Industrial,sniffer,78184,0,2bb0f70e-4038-51ef-134a-c9f410b48b6f,sniffer,,,6,undefined,,502,allow,10,0.0.0.0,0,Hungary,,1,traffic,13,FGDIT,Modbus,,47423,12,00:0c:29:47:8c:22,notice,84.3.251.102,,1725771100624797446,13,4,snat,fa:00:bc:90:d7:fa,,elevated,0
14,,21:51:41,16938,12,,FGVM02TM24011031,0004000017,tcp/502,14,,,6,10,2024-09-07,1,-0700,root,Hungary,,,port7,undefined,00:0c:29:47:8c:22,accept,84.3.251.103,port7,,fa:00:bc:90:d7:fa,Industrial,sniffer,78186,0,2bb0f70e-4038-51ef-134a-c9f410b48b6f,sniffer,,,6,undefined,,502,allow,10,0.0.0.0,0,Hungary,,1,traffic,13,FGDIT,Modbus,,54861,12,00:0c:29:47:8c:22,notice,84.3.251.102,,1725771100624865226,13,4,snat,fa:00:bc:90:d7:fa,,elevated,0
14,,21:51:41,16938,12,,FGVM02TM24011031,0004000017,tcp/502,14,,,6,10,2024-09-07,1,-0700,root,Hungary,,,port7,undefined,00:0c:29:47:8c:22,accept,84.3.251.103,port7,,fa:00:bc:90:d7:fa,Industrial,sniffer,78188,0,2bb0f70e-4038-51ef-134a-c9f410b48b6f,sniffer,,,6,undefined,,502,allow,10,0.0.0.0,0,Hungary,,1,traffic,13,FGDIT,Modbus,,35741,12,00:0c:29:47:8c:22,notice,84.3.251.102,,1725771100624940000,13,4,snat,fa:00:bc:90:d7:fa,,elevated,0
14,,21:51:41,16938,12,,FGVM02TM24011031,0004000017,tcp/502,14,,,6,10,2024-09-07,1,-0700,root,Hungary,,,port7,undefined,00:0c:29:47:8c:22,accept,84.3.251.103,port7,,fa:00:bc:90:d7:fa,Industrial,sniffer,78167,0,2bb0f70e-4038-51ef-134a-c9f410b48b6f,sniffer,,,6,undefined,,502,allow,10,0.0.0.0,0,Hungary,,1,traffic,13,FGDIT,Modbus,,40127,12,00:0c:29:47:8c:22,notice,84.3.251.102,,1725771100624155199,13,4,snat,fa:00:bc:90:d7:fa,,elevated,0
14,,21:51:41,16938,12,,FGVM02TM24011031,0004000017,tcp/502,14,,,6,10,2024-09-07,1,-0700,root,Hungary,,,port7,undefined,00:0c:29:47:8c:22,accept,84.3.251.103,port7,,fa:00:bc:90:d7:fa,Industrial,sniffer,78169,0,2bb0f70e-4038-51ef-134a-c9f410b48b6f,sniffer,,,6,undefined,,502,allow,10,0.0.0.0,0,Hungary,,1,traffic,13,FGDIT,Modbus,,45727,12,00:0c:29:47:8c:22,notice,84.3.251.102,,1725771100624264251,13,4,snat,fa:00:bc:90:d7:fa,,elevated,0
14,,21:51:41,16938,12,,FGVM02TM24011031,0004000017,tcp/502,14,,,6,10,2024-09-07,1,-0700,root,Hungary,,,port7,undefined,00:0c:29:47:8c:22,accept,84.3.251.103,port7,,fa:00:bc:90:d7:fa,Industrial,sniffer,78171,0,2bb0f70e-4038-51ef-134a-c9f410b48b6f,sniffer,,,6,undefined,,502,allow,10,0.0.0.0,0,Hungary,,1,traffic,13,FGDIT,Modbus,,33381,12,00:0c:29:47:8c:22,notice,84.3.251.102,,1725771100624335010,13,4,snat,fa:00:bc:90:d7:fa,,elevated,0
14,,21:51:41,16938,12,,FGVM02TM24011031,0004000017,tcp/502,14,,,6,10,2024-09-07,1,-0700,root,Hungary,,,port7,undefined,00:0c:29:47:8c:22,accept,84.3.251.103,port7,,fa:00:bc:90:d7:fa,Industrial,sniffer,78173,0,2bb0f70e-4038-51ef-134a-c9f410b48b6f,sniffer,,,6,undefined,,502,allow,10,0.0.0.0,0,Hungary,,1,traffic,13,FGDIT,Modbus,,58207,12,00:0c:29:47:8c:22,notice,84.3.251.102,,1725771100624403262,13,4,snat,fa:00:bc:90:d7:fa,,elevated,0
14,,21:51:41,16938,12,,FGVM02TM24011031,0004000017,tcp/502,14,,,6,10,2024-09-07,1,-0700,root,Hungary,,,port7,undefined,00:0c:29:47:8c:22,accept,84.3.251.103,port7,,fa:00:bc:90:d7:fa,Industrial,sniffer,78175,0,2bb0f70e-4038-51ef-134a-c9f410b48b6f,sniffer,,,6,undefined,,502,allow,10,0.0.0.0,0,Hungary,,1,traffic,13,FGDIT,Modbus,,50457,12,00:0c:29:47:8c:22,notice,84.3.251.102,,1725771100624470330,13,4,snat,fa:00:bc:90:d7:fa,,elevated,0
14,,21:51:41,16938,12,,FGVM02TM24011031,0004000017,tcp/502,14,,,6,10,2024-09-07,1,-0700,root,Hungary,,,port7,undefined,00:0c:29:47:8c:22,accept,84.3.251.103,port7,,fa:00:bc:90:d7:fa,Industrial,sniffer,78177,0,2bb0f70e-4038-51ef-134a-c9f410b48b6f,sniffer,,,6,undefined,,502,allow,10,0.0.0.0,0,Hungary,,1,traffic,13,FGDIT,Modbus,,50665,12,00:0c:29:47:8c:22,notice,84.3.251.102,,1725771100624551701,13,4,snat,fa:00:bc:90:d7:fa,,elevated,0
14,,21:51:41,16938,12,,FGVM02TM24011031,0004000017,tcp/502,14,,,6,10,2024-09-07,1,-0700,root,Hungary,,,port7,undefined,00:0c:29:47:8c:22,accept,84.3.251.103,port7,,fa:00:bc:90:d7:fa,Industrial,sniffer,78179,0,2bb0f70e-4038-51ef-134a-c9f410b48b6f,sniffer,,,6,undefined,,502,allow,10,0.0.0.0,0,Hungary,,1,traffic,13,FGDIT,Modbus,,37829,12,00:0c:29:47:8c:22,notice,84.3.251.102,,1725771100624620274,13,4,snat,fa:00:bc:90:d7:fa,,elevated,0
14,,21:51:41,16938,12,,FGVM02TM24011031,0004000017,tcp/502,14,,,6,10,2024-09-07,1,-0700,root,Hungary,,,port7,undefined,00:0c:29:47:8c:22,accept,84.3.251.103,port7,,fa:00:bc:90:d7:fa,Industrial,sniffer,78181,0,2bb0f70e-4038-51ef-134a-c9f410b48b6f,sniffer,,,6,undefined,,502,allow,10,0.0.0.0,0,Hungary,,1,traffic,13,FGDIT,Modbus,,45441,12,00:0c:29:47:8c:22,notice,84.3.251.102,,1725771100624687684,13,4,snat,fa:00:bc:90:d7:fa,,elevated,0
14,,21:51:41,16938,12,,FGVM02TM24011031,0004000017,tcp/502,14,,,6,10,2024-09-07,1,-0700,root,Hungary,,,port7,undefined,00:0c:29:47:8c:22,accept,84.3.251.103,port7,,fa:00:bc:90:d7:fa,Industrial,sniffer,78183,0,2bb0f70e-4038-51ef-134a-c9f410b48b6f,sniffer,,,6,undefined,,502,allow,10,0.0.0.0,0,Hungary,,1,traffic,13,FGDIT,Modbus,,50819,12,00:0c:29:47:8c:22,notice,84.3.251.102,,1725771100624757025,13,4,snat,fa:00:bc:90:d7:fa,,elevated,0
14,,21:51:41,16938,12,,FGVM02TM24011031,0004000017,tcp/502,14,,,6,10,2024-09-07,1,-0700,root,Hungary,,,port7,undefined,00:0c:29:47:8c:22,accept,84.3.251.103,port7,,fa:00:bc:90:d7:fa,Industrial,sniffer,78185,0,2bb0f70e-4038-51ef-134a-c9f410b48b6f,sniffer,,,6,undefined,,502,allow,10,0.0.0.0,0,Hungary,,1,traffic,13,FGDIT,Modbus,,54667,12,00:0c:29:47:8c:22,notice,84.3.251.102,,1725771100624831339,13,4,snat,fa:00:bc:90:d7:fa,,elevated,0
14,,21:51:41,16938,12,,FGVM02TM24011031,0004000017,tcp/502,14,,,6,10,2024-09-07,1,-0700,root,Hungary,,,port7,undefined,00:0c:29:47:8c:22,accept,84.3.251.103,port7,,fa:00:bc:90:d7:fa,Industrial,sniffer,78187,0,2bb0f70e-4038-51ef-134a-c9f410b48b6f,sniffer,,,6,undefined,,502,allow,10,0.0.0.0,0,Hungary,,1,traffic,13,FGDIT,Modbus,,35551,12,00:0c:29:47:8c:22,notice,84.3.251.102,,1725771100624905566,13,4,snat,fa:00:bc:90:d7:fa,,elevated,0
2,,21:51:59,24466,92,,FGVM02TM24011031,0004000017,PING,2,,,1,2,2024-09-07,20,-0700,root,Hungary,,,port7,undefined,fa:00:bc:90:d7:fa,accept,84.3.251.102,port7,,00:0c:29:47:8c:22,Network.Service,sniffer,78163,0,2bb0f70e-4038-51ef-134a-c9f410b48b6f,sniffer,,,1,undefined,32487,,allow,2,0.0.0.0,0,Hungary,,20,traffic,92,FGDIT,Ping,,,92,fa:00:bc:90:d7:fa,notice,84.3.251.103,,1725771119454912936,92,4,snat,00:0c:29:47:8c:22,,elevated,0
2,,21:52:00,24466,92,,FGVM02TM24011031,0004000017,PING,2,,,1,2,2024-09-07,20,-0700,root,Hungary,,,port7,undefined,0a:fe:ec:47:74:fb,accept,84.3.251.103,port7,,00:0c:29:47:8c:22,Network.Service,sniffer,78162,0,2bb0f70e-4038-51ef-134a-c9f410b48b6f,sniffer,,,1,undefined,32487,,allow,2,0.0.0.0,0,Hungary,,20,traffic,92,FGDIT,Ping,,,92,0a:fe:ec:47:74:fb,notice,84.3.251.102,,1725771119454850255,92,4,snat,00:0c:29:47:8c:22,,elevated,0
