appid,sessionid,repeated,app,app-ctrl,apprisk,service,srcip,dstip,subtype,eventtype,url,parameters,filename
24466,77970,,Ping,,elevated,PING,84.3.251.102,84.3.251.104,app-ctrl,signature,,,
25902,77972,,Modbus_Write.Single.Register,,elevated,MODBUS,84.3.251.104,84.3.251.102,app-ctrl,signature,,,00 02 00 00
48886,77972,,Modbus_Func06.Write.Single.Reg.Validation,,elevated,MODBUS,84.3.251.104,84.3.251.102,app-ctrl,signature,,"UnitID:0, Address:2, Value:0","UnitID=0,Ref=2,Data=00 00"
25902,77972,,Modbus_Write.Single.Register,,elevated,MODBUS,84.3.251.104,84.3.251.102,app-ctrl,signature,,,
48886,77972,,Modbus_Func06.Write.Single.Reg.Validation,,elevated,MODBUS,84.3.251.104,84.3.251.102,app-ctrl,signature,,,
25902,77972,,Modbus_Write.Single.Register,,elevated,MODBUS,84.3.251.104,84.3.251.102,app-ctrl,signature,,,00 02 00 00
48886,77972,,Modbus_Func06.Write.Single.Reg.Validation,,elevated,MODBUS,84.3.251.104,84.3.251.102,app-ctrl,signature,,"UnitID:0, Address:2, Value:0","UnitID=0,Ref=2,Data=00 00"
16938,77972,,Modbus,,elevated,MODBUS,84.3.251.104,84.3.251.102,app-ctrl,signature,,,
25902,77974,,Modbus_Write.Single.Register,,elevated,MODBUS,84.3.251.104,84.3.251.102,app-ctrl,signature,,,00 02 00 00
48886,77974,,Modbus_Func06.Write.Single.Reg.Validation,,elevated,MODBUS,84.3.251.104,84.3.251.102,app-ctrl,signature,,"UnitID:0, Address:2, Value:0","UnitID=0,Ref=2,Data=00 00"
25902,77974,,Modbus_Write.Single.Register,,elevated,MODBUS,84.3.251.104,84.3.251.102,app-ctrl,signature,,,
48886,77974,,Modbus_Func06.Write.Single.Reg.Validation,,elevated,MODBUS,84.3.251.104,84.3.251.102,app-ctrl,signature,,,
25902,77974,,Modbus_Write.Single.Register,,elevated,MODBUS,84.3.251.104,84.3.251.102,app-ctrl,signature,,,00 02 00 00
48886,77974,,Modbus_Func06.Write.Single.Reg.Validation,,elevated,MODBUS,84.3.251.104,84.3.251.102,app-ctrl,signature,,"UnitID:0, Address:2, Value:0","UnitID=0,Ref=2,Data=00 00"
16938,77974,,Modbus,,elevated,MODBUS,84.3.251.104,84.3.251.102,app-ctrl,signature,,,
25902,77976,,Modbus_Write.Single.Register,,elevated,MODBUS,84.3.251.104,84.3.251.102,app-ctrl,signature,,,00 02 00 00
48886,77976,,Modbus_Func06.Write.Single.Reg.Validation,,elevated,MODBUS,84.3.251.104,84.3.251.102,app-ctrl,signature,,"UnitID:0, Address:2, Value:0","UnitID=0,Ref=2,Data=00 00"
25902,77976,,Modbus_Write.Single.Register,,elevated,MODBUS,84.3.251.104,84.3.251.102,app-ctrl,signature,,,
48886,77976,,Modbus_Func06.Write.Single.Reg.Validation,,elevated,MODBUS,84.3.251.104,84.3.251.102,app-ctrl,signature,,,
25902,77976,,Modbus_Write.Single.Register,,elevated,MODBUS,84.3.251.104,84.3.251.102,app-ctrl,signature,,,00 02 00 00
48886,77976,,Modbus_Func06.Write.Single.Reg.Validation,,elevated,MODBUS,84.3.251.104,84.3.251.102,app-ctrl,signature,,"UnitID:0, Address:2, Value:0","UnitID=0,Ref=2,Data=00 00"
16938,77976,,Modbus,,elevated,MODBUS,84.3.251.104,84.3.251.102,app-ctrl,signature,,,
25902,77978,,Modbus_Write.Single.Register,,elevated,MODBUS,84.3.251.104,84.3.251.102,app-ctrl,signature,,,00 02 00 00
48886,77978,,Modbus_Func06.Write.Single.Reg.Validation,,elevated,MODBUS,84.3.251.104,84.3.251.102,app-ctrl,signature,,"UnitID:0, Address:2, Value:0","UnitID=0,Ref=2,Data=00 00"
25902,77978,,Modbus_Write.Single.Register,,elevated,MODBUS,84.3.251.104,84.3.251.102,app-ctrl,signature,,,
48886,77978,,Modbus_Func06.Write.Single.Reg.Validation,,elevated,MODBUS,84.3.251.104,84.3.251.102,app-ctrl,signature,,,
25902,77978,,Modbus_Write.Single.Register,,elevated,MODBUS,84.3.251.104,84.3.251.102,app-ctrl,signature,,,00 02 00 00
48886,77978,,Modbus_Func06.Write.Single.Reg.Validation,,elevated,MODBUS,84.3.251.104,84.3.251.102,app-ctrl,signature,,"UnitID:0, Address:2, Value:0","UnitID=0,Ref=2,Data=00 00"
16938,77978,,Modbus,,elevated,MODBUS,84.3.251.104,84.3.251.102,app-ctrl,signature,,,
25902,77980,,Modbus_Write.Single.Register,,elevated,MODBUS,84.3.251.104,84.3.251.102,app-ctrl,signature,,,00 02 00 00
48886,77980,,Modbus_Func06.Write.Single.Reg.Validation,,elevated,MODBUS,84.3.251.104,84.3.251.102,app-ctrl,signature,,"UnitID:0, Address:2, Value:0","UnitID=0,Ref=2,Data=00 00"
25902,77980,,Modbus_Write.Single.Register,,elevated,MODBUS,84.3.251.104,84.3.251.102,app-ctrl,signature,,,
48886,77980,,Modbus_Func06.Write.Single.Reg.Validation,,elevated,MODBUS,84.3.251.104,84.3.251.102,app-ctrl,signature,,,
25902,77980,,Modbus_Write.Single.Register,,elevated,MODBUS,84.3.251.104,84.3.251.102,app-ctrl,signature,,,00 02 00 00
48886,77980,,Modbus_Func06.Write.Single.Reg.Validation,,elevated,MODBUS,84.3.251.104,84.3.251.102,app-ctrl,signature,,"UnitID:0, Address:2, Value:0","UnitID=0,Ref=2,Data=00 00"
16938,77980,,Modbus,,elevated,MODBUS,84.3.251.104,84.3.251.102,app-ctrl,signature,,,
25902,77982,,Modbus_Write.Single.Register,,elevated,MODBUS,84.3.251.104,84.3.251.102,app-ctrl,signature,,,00 02 00 00
48886,77982,,Modbus_Func06.Write.Single.Reg.Validation,,elevated,MODBUS,84.3.251.104,84.3.251.102,app-ctrl,signature,,"UnitID:0, Address:2, Value:0","UnitID=0,Ref=2,Data=00 00"
25902,77982,,Modbus_Write.Single.Register,,elevated,MODBUS,84.3.251.104,84.3.251.102,app-ctrl,signature,,,
48886,77982,,Modbus_Func06.Write.Single.Reg.Validation,,elevated,MODBUS,84.3.251.104,84.3.251.102,app-ctrl,signature,,,
25902,77982,,Modbus_Write.Single.Register,,elevated,MODBUS,84.3.251.104,84.3.251.102,app-ctrl,signature,,,00 02 00 00
48886,77982,,Modbus_Func06.Write.Single.Reg.Validation,,elevated,MODBUS,84.3.251.104,84.3.251.102,app-ctrl,signature,,"UnitID:0, Address:2, Value:0","UnitID=0,Ref=2,Data=00 00"
16938,77982,,Modbus,,elevated,MODBUS,84.3.251.104,84.3.251.102,app-ctrl,signature,,,
25902,77984,,Modbus_Write.Single.Register,,elevated,MODBUS,84.3.251.104,84.3.251.102,app-ctrl,signature,,,00 02 00 00
48886,77984,,Modbus_Func06.Write.Single.Reg.Validation,,elevated,MODBUS,84.3.251.104,84.3.251.102,app-ctrl,signature,,"UnitID:0, Address:2, Value:0","UnitID=0,Ref=2,Data=00 00"
25902,77984,,Modbus_Write.Single.Register,,elevated,MODBUS,84.3.251.104,84.3.251.102,app-ctrl,signature,,,
48886,77984,,Modbus_Func06.Write.Single.Reg.Validation,,elevated,MODBUS,84.3.251.104,84.3.251.102,app-ctrl,signature,,,
25902,77984,,Modbus_Write.Single.Register,,elevated,MODBUS,84.3.251.104,84.3.251.102,app-ctrl,signature,,,00 02 00 00
48886,77984,,Modbus_Func06.Write.Single.Reg.Validation,,elevated,MODBUS,84.3.251.104,84.3.251.102,app-ctrl,signature,,"UnitID:0, Address:2, Value:0","UnitID=0,Ref=2,Data=00 00"
16938,77984,,Modbus,,elevated,MODBUS,84.3.251.104,84.3.251.102,app-ctrl,signature,,,
25902,77986,,Modbus_Write.Single.Register,,elevated,MODBUS,84.3.251.104,84.3.251.102,app-ctrl,signature,,,00 02 00 00
48886,77986,,Modbus_Func06.Write.Single.Reg.Validation,,elevated,MODBUS,84.3.251.104,84.3.251.102,app-ctrl,signature,,"UnitID:0, Address:2, Value:0","UnitID=0,Ref=2,Data=00 00"
25902,77986,,Modbus_Write.Single.Register,,elevated,MODBUS,84.3.251.104,84.3.251.102,app-ctrl,signature,,,
48886,77986,,Modbus_Func06.Write.Single.Reg.Validation,,elevated,MODBUS,84.3.251.104,84.3.251.102,app-ctrl,signature,,,
25902,77986,,Modbus_Write.Single.Register,,elevated,MODBUS,84.3.251.104,84.3.251.102,app-ctrl,signature,,,00 02 00 00
48886,77986,,Modbus_Func06.Write.Single.Reg.Validation,,elevated,MODBUS,84.3.251.104,84.3.251.102,app-ctrl,signature,,"UnitID:0, Address:2, Value:0","UnitID=0,Ref=2,Data=00 00"
16938,77986,,Modbus,,elevated,MODBUS,84.3.251.104,84.3.251.102,app-ctrl,signature,,,
25902,77990,,Modbus_Write.Single.Register,,elevated,MODBUS,84.3.251.104,84.3.251.102,app-ctrl,signature,,,00 02 00 00
48886,77990,,Modbus_Func06.Write.Single.Reg.Validation,,elevated,MODBUS,84.3.251.104,84.3.251.102,app-ctrl,signature,,"UnitID:0, Address:2, Value:0","UnitID=0,Ref=2,Data=00 00"
25902,77990,,Modbus_Write.Single.Register,,elevated,MODBUS,84.3.251.104,84.3.251.102,app-ctrl,signature,,,
48886,77990,,Modbus_Func06.Write.Single.Reg.Validation,,elevated,MODBUS,84.3.251.104,84.3.251.102,app-ctrl,signature,,,
25902,77990,,Modbus_Write.Single.Register,,elevated,MODBUS,84.3.251.104,84.3.251.102,app-ctrl,signature,,,00 02 0f a0
48886,77990,,Modbus_Func06.Write.Single.Reg.Validation,,elevated,MODBUS,84.3.251.104,84.3.251.102,app-ctrl,signature,,"UnitID:0, Address:2, Value:4000","UnitID=0,Ref=2,Data=0f a0"
16938,77990,,Modbus,,elevated,MODBUS,84.3.251.104,84.3.251.102,app-ctrl,signature,,,
25902,77992,,Modbus_Write.Single.Register,,elevated,MODBUS,84.3.251.104,84.3.251.102,app-ctrl,signature,,,00 02 00 00
48886,77992,,Modbus_Func06.Write.Single.Reg.Validation,,elevated,MODBUS,84.3.251.104,84.3.251.102,app-ctrl,signature,,"UnitID:0, Address:2, Value:0","UnitID=0,Ref=2,Data=00 00"
25902,77992,,Modbus_Write.Single.Register,,elevated,MODBUS,84.3.251.104,84.3.251.102,app-ctrl,signature,,,
48886,77992,,Modbus_Func06.Write.Single.Reg.Validation,,elevated,MODBUS,84.3.251.104,84.3.251.102,app-ctrl,signature,,,
25902,77992,,Modbus_Write.Single.Register,,elevated,MODBUS,84.3.251.104,84.3.251.102,app-ctrl,signature,,,00 02 0f a0
48886,77992,,Modbus_Func06.Write.Single.Reg.Validation,,elevated,MODBUS,84.3.251.104,84.3.251.102,app-ctrl,signature,,"UnitID:0, Address:2, Value:4000","UnitID=0,Ref=2,Data=0f a0"
16938,77992,,Modbus,,elevated,MODBUS,84.3.251.104,84.3.251.102,app-ctrl,signature,,,
25902,77994,,Modbus_Write.Single.Register,,elevated,MODBUS,84.3.251.104,84.3.251.102,app-ctrl,signature,,,00 02 00 00
48886,77994,,Modbus_Func06.Write.Single.Reg.Validation,,elevated,MODBUS,84.3.251.104,84.3.251.102,app-ctrl,signature,,"UnitID:0, Address:2, Value:0","UnitID=0,Ref=2,Data=00 00"
25902,77994,,Modbus_Write.Single.Register,,elevated,MODBUS,84.3.251.104,84.3.251.102,app-ctrl,signature,,,
48886,77994,,Modbus_Func06.Write.Single.Reg.Validation,,elevated,MODBUS,84.3.251.104,84.3.251.102,app-ctrl,signature,,,
25902,77994,,Modbus_Write.Single.Register,,elevated,MODBUS,84.3.251.104,84.3.251.102,app-ctrl,signature,,,00 02 0f a0
48886,77994,,Modbus_Func06.Write.Single.Reg.Validation,,elevated,MODBUS,84.3.251.104,84.3.251.102,app-ctrl,signature,,"UnitID:0, Address:2, Value:4000","UnitID=0,Ref=2,Data=0f a0"
16938,77994,,Modbus,,elevated,MODBUS,84.3.251.104,84.3.251.102,app-ctrl,signature,,,
25902,77996,,Modbus_Write.Single.Register,,elevated,MODBUS,84.3.251.104,84.3.251.102,app-ctrl,signature,,,00 02 00 00
48886,77996,,Modbus_Func06.Write.Single.Reg.Validation,,elevated,MODBUS,84.3.251.104,84.3.251.102,app-ctrl,signature,,"UnitID:0, Address:2, Value:0","UnitID=0,Ref=2,Data=00 00"
25902,77996,,Modbus_Write.Single.Register,,elevated,MODBUS,84.3.251.104,84.3.251.102,app-ctrl,signature,,,
48886,77996,,Modbus_Func06.Write.Single.Reg.Validation,,elevated,MODBUS,84.3.251.104,84.3.251.102,app-ctrl,signature,,,
25902,77996,,Modbus_Write.Single.Register,,elevated,MODBUS,84.3.251.104,84.3.251.102,app-ctrl,signature,,,00 02 0f a0
48886,77996,,Modbus_Func06.Write.Single.Reg.Validation,,elevated,MODBUS,84.3.251.104,84.3.251.102,app-ctrl,signature,,"UnitID:0, Address:2, Value:4000","UnitID=0,Ref=2,Data=0f a0"
16938,77996,,Modbus,,elevated,MODBUS,84.3.251.104,84.3.251.102,app-ctrl,signature,,,
25902,77998,,Modbus_Write.Single.Register,,elevated,MODBUS,84.3.251.104,84.3.251.102,app-ctrl,signature,,,00 02 00 00
48886,77998,,Modbus_Func06.Write.Single.Reg.Validation,,elevated,MODBUS,84.3.251.104,84.3.251.102,app-ctrl,signature,,"UnitID:0, Address:2, Value:0","UnitID=0,Ref=2,Data=00 00"
25902,77998,,Modbus_Write.Single.Register,,elevated,MODBUS,84.3.251.104,84.3.251.102,app-ctrl,signature,,,
48886,77998,,Modbus_Func06.Write.Single.Reg.Validation,,elevated,MODBUS,84.3.251.104,84.3.251.102,app-ctrl,signature,,,
25902,77998,,Modbus_Write.Single.Register,,elevated,MODBUS,84.3.251.104,84.3.251.102,app-ctrl,signature,,,00 02 0f a0
48886,77998,,Modbus_Func06.Write.Single.Reg.Validation,,elevated,MODBUS,84.3.251.104,84.3.251.102,app-ctrl,signature,,"UnitID:0, Address:2, Value:4000","UnitID=0,Ref=2,Data=0f a0"
16938,77998,,Modbus,,elevated,MODBUS,84.3.251.104,84.3.251.102,app-ctrl,signature,,,
25902,78000,,Modbus_Write.Single.Register,,elevated,MODBUS,84.3.251.104,84.3.251.102,app-ctrl,signature,,,00 02 00 00
48886,78000,,Modbus_Func06.Write.Single.Reg.Validation,,elevated,MODBUS,84.3.251.104,84.3.251.102,app-ctrl,signature,,"UnitID:0, Address:2, Value:0","UnitID=0,Ref=2,Data=00 00"
25902,78000,,Modbus_Write.Single.Register,,elevated,MODBUS,84.3.251.104,84.3.251.102,app-ctrl,signature,,,
48886,78000,,Modbus_Func06.Write.Single.Reg.Validation,,elevated,MODBUS,84.3.251.104,84.3.251.102,app-ctrl,signature,,,
25902,78000,,Modbus_Write.Single.Register,,elevated,MODBUS,84.3.251.104,84.3.251.102,app-ctrl,signature,,,00 02 0f a0
48886,78000,,Modbus_Func06.Write.Single.Reg.Validation,,elevated,MODBUS,84.3.251.104,84.3.251.102,app-ctrl,signature,,"UnitID:0, Address:2, Value:4000","UnitID=0,Ref=2,Data=0f a0"
16938,78000,,Modbus,,elevated,MODBUS,84.3.251.104,84.3.251.102,app-ctrl,signature,,,
25902,78002,,Modbus_Write.Single.Register,,elevated,MODBUS,84.3.251.104,84.3.251.102,app-ctrl,signature,,,00 02 00 00
48886,78002,,Modbus_Func06.Write.Single.Reg.Validation,,elevated,MODBUS,84.3.251.104,84.3.251.102,app-ctrl,signature,,"UnitID:0, Address:2, Value:0","UnitID=0,Ref=2,Data=00 00"
25902,78002,,Modbus_Write.Single.Register,,elevated,MODBUS,84.3.251.104,84.3.251.102,app-ctrl,signature,,,
48886,78002,,Modbus_Func06.Write.Single.Reg.Validation,,elevated,MODBUS,84.3.251.104,84.3.251.102,app-ctrl,signature,,,
25902,78002,,Modbus_Write.Single.Register,,elevated,MODBUS,84.3.251.104,84.3.251.102,app-ctrl,signature,,,00 02 0f a0
48886,78002,,Modbus_Func06.Write.Single.Reg.Validation,,elevated,MODBUS,84.3.251.104,84.3.251.102,app-ctrl,signature,,"UnitID:0, Address:2, Value:4000","UnitID=0,Ref=2,Data=0f a0"
16938,78002,,Modbus,,elevated,MODBUS,84.3.251.104,84.3.251.102,app-ctrl,signature,,,
25902,78004,,Modbus_Write.Single.Register,,elevated,MODBUS,84.3.251.104,84.3.251.102,app-ctrl,signature,,,00 02 00 00
48886,78004,,Modbus_Func06.Write.Single.Reg.Validation,,elevated,MODBUS,84.3.251.104,84.3.251.102,app-ctrl,signature,,"UnitID:0, Address:2, Value:0","UnitID=0,Ref=2,Data=00 00"
25902,78004,,Modbus_Write.Single.Register,,elevated,MODBUS,84.3.251.104,84.3.251.102,app-ctrl,signature,,,
48886,78004,,Modbus_Func06.Write.Single.Reg.Validation,,elevated,MODBUS,84.3.251.104,84.3.251.102,app-ctrl,signature,,,
25902,78004,,Modbus_Write.Single.Register,,elevated,MODBUS,84.3.251.104,84.3.251.102,app-ctrl,signature,,,00 02 0f a0
48886,78004,,Modbus_Func06.Write.Single.Reg.Validation,,elevated,MODBUS,84.3.251.104,84.3.251.102,app-ctrl,signature,,"UnitID:0, Address:2, Value:4000","UnitID=0,Ref=2,Data=0f a0"
16938,78004,,Modbus,,elevated,MODBUS,84.3.251.104,84.3.251.102,app-ctrl,signature,,,
25902,78006,,Modbus_Write.Single.Register,,elevated,MODBUS,84.3.251.104,84.3.251.102,app-ctrl,signature,,,00 02 00 00
48886,78006,,Modbus_Func06.Write.Single.Reg.Validation,,elevated,MODBUS,84.3.251.104,84.3.251.102,app-ctrl,signature,,"UnitID:0, Address:2, Value:0","UnitID=0,Ref=2,Data=00 00"
25902,78006,,Modbus_Write.Single.Register,,elevated,MODBUS,84.3.251.104,84.3.251.102,app-ctrl,signature,,,
48886,78006,,Modbus_Func06.Write.Single.Reg.Validation,,elevated,MODBUS,84.3.251.104,84.3.251.102,app-ctrl,signature,,,
25902,78006,,Modbus_Write.Single.Register,,elevated,MODBUS,84.3.251.104,84.3.251.102,app-ctrl,signature,,,00 02 0f a0
48886,78006,,Modbus_Func06.Write.Single.Reg.Validation,,elevated,MODBUS,84.3.251.104,84.3.251.102,app-ctrl,signature,,"UnitID:0, Address:2, Value:4000","UnitID=0,Ref=2,Data=0f a0"
16938,78006,,Modbus,,elevated,MODBUS,84.3.251.104,84.3.251.102,app-ctrl,signature,,,
25902,78008,,Modbus_Write.Single.Register,,elevated,MODBUS,84.3.251.104,84.3.251.102,app-ctrl,signature,,,00 02 00 00
48886,78008,,Modbus_Func06.Write.Single.Reg.Validation,,elevated,MODBUS,84.3.251.104,84.3.251.102,app-ctrl,signature,,"UnitID:0, Address:2, Value:0","UnitID=0,Ref=2,Data=00 00"
25902,78008,,Modbus_Write.Single.Register,,elevated,MODBUS,84.3.251.104,84.3.251.102,app-ctrl,signature,,,
48886,78008,,Modbus_Func06.Write.Single.Reg.Validation,,elevated,MODBUS,84.3.251.104,84.3.251.102,app-ctrl,signature,,,
25902,78008,,Modbus_Write.Single.Register,,elevated,MODBUS,84.3.251.104,84.3.251.102,app-ctrl,signature,,,00 02 0f a0
48886,78008,,Modbus_Func06.Write.Single.Reg.Validation,,elevated,MODBUS,84.3.251.104,84.3.251.102,app-ctrl,signature,,"UnitID:0, Address:2, Value:4000","UnitID=0,Ref=2,Data=0f a0"
16938,78008,,Modbus,,elevated,MODBUS,84.3.251.104,84.3.251.102,app-ctrl,signature,,,
25902,78010,,Modbus_Write.Single.Register,,elevated,MODBUS,84.3.251.104,84.3.251.102,app-ctrl,signature,,,00 02 00 00
48886,78010,,Modbus_Func06.Write.Single.Reg.Validation,,elevated,MODBUS,84.3.251.104,84.3.251.102,app-ctrl,signature,,"UnitID:0, Address:2, Value:0","UnitID=0,Ref=2,Data=00 00"
25902,78010,,Modbus_Write.Single.Register,,elevated,MODBUS,84.3.251.104,84.3.251.102,app-ctrl,signature,,,
48886,78010,,Modbus_Func06.Write.Single.Reg.Validation,,elevated,MODBUS,84.3.251.104,84.3.251.102,app-ctrl,signature,,,
25902,78010,,Modbus_Write.Single.Register,,elevated,MODBUS,84.3.251.104,84.3.251.102,app-ctrl,signature,,,00 02 0f a0
48886,78010,,Modbus_Func06.Write.Single.Reg.Validation,,elevated,MODBUS,84.3.251.104,84.3.251.102,app-ctrl,signature,,"UnitID:0, Address:2, Value:4000","UnitID=0,Ref=2,Data=0f a0"
16938,78010,,Modbus,,elevated,MODBUS,84.3.251.104,84.3.251.102,app-ctrl,signature,,,
25902,78012,,Modbus_Write.Single.Register,,elevated,MODBUS,84.3.251.104,84.3.251.102,app-ctrl,signature,,,00 02 00 00
48886,78012,,Modbus_Func06.Write.Single.Reg.Validation,,elevated,MODBUS,84.3.251.104,84.3.251.102,app-ctrl,signature,,"UnitID:0, Address:2, Value:0","UnitID=0,Ref=2,Data=00 00"
25902,78012,,Modbus_Write.Single.Register,,elevated,MODBUS,84.3.251.104,84.3.251.102,app-ctrl,signature,,,
48886,78012,,Modbus_Func06.Write.Single.Reg.Validation,,elevated,MODBUS,84.3.251.104,84.3.251.102,app-ctrl,signature,,,
25902,78012,,Modbus_Write.Single.Register,,elevated,MODBUS,84.3.251.104,84.3.251.102,app-ctrl,signature,,,00 02 0f a0
48886,78012,,Modbus_Func06.Write.Single.Reg.Validation,,elevated,MODBUS,84.3.251.104,84.3.251.102,app-ctrl,signature,,"UnitID:0, Address:2, Value:4000","UnitID=0,Ref=2,Data=0f a0"
16938,78012,,Modbus,,elevated,MODBUS,84.3.251.104,84.3.251.102,app-ctrl,signature,,,
25902,78014,,Modbus_Write.Single.Register,,elevated,MODBUS,84.3.251.104,84.3.251.102,app-ctrl,signature,,,00 02 00 00
48886,78014,,Modbus_Func06.Write.Single.Reg.Validation,,elevated,MODBUS,84.3.251.104,84.3.251.102,app-ctrl,signature,,"UnitID:0, Address:2, Value:0","UnitID=0,Ref=2,Data=00 00"
25902,78014,,Modbus_Write.Single.Register,,elevated,MODBUS,84.3.251.104,84.3.251.102,app-ctrl,signature,,,
48886,78014,,Modbus_Func06.Write.Single.Reg.Validation,,elevated,MODBUS,84.3.251.104,84.3.251.102,app-ctrl,signature,,,
25902,78014,,Modbus_Write.Single.Register,,elevated,MODBUS,84.3.251.104,84.3.251.102,app-ctrl,signature,,,00 02 0f a0
48886,78014,,Modbus_Func06.Write.Single.Reg.Validation,,elevated,MODBUS,84.3.251.104,84.3.251.102,app-ctrl,signature,,"UnitID:0, Address:2, Value:4000","UnitID=0,Ref=2,Data=0f a0"
16938,78014,,Modbus,,elevated,MODBUS,84.3.251.104,84.3.251.102,app-ctrl,signature,,,
25902,78016,,Modbus_Write.Single.Register,,elevated,MODBUS,84.3.251.104,84.3.251.102,app-ctrl,signature,,,00 02 00 00
48886,78016,,Modbus_Func06.Write.Single.Reg.Validation,,elevated,MODBUS,84.3.251.104,84.3.251.102,app-ctrl,signature,,"UnitID:0, Address:2, Value:0","UnitID=0,Ref=2,Data=00 00"
25902,78016,,Modbus_Write.Single.Register,,elevated,MODBUS,84.3.251.104,84.3.251.102,app-ctrl,signature,,,
48886,78016,,Modbus_Func06.Write.Single.Reg.Validation,,elevated,MODBUS,84.3.251.104,84.3.251.102,app-ctrl,signature,,,
25902,78016,,Modbus_Write.Single.Register,,elevated,MODBUS,84.3.251.104,84.3.251.102,app-ctrl,signature,,,00 02 0f a0
48886,78016,,Modbus_Func06.Write.Single.Reg.Validation,,elevated,MODBUS,84.3.251.104,84.3.251.102,app-ctrl,signature,,"UnitID:0, Address:2, Value:4000","UnitID=0,Ref=2,Data=0f a0"
16938,78016,,Modbus,,elevated,MODBUS,84.3.251.104,84.3.251.102,app-ctrl,signature,,,
25902,78018,,Modbus_Write.Single.Register,,elevated,MODBUS,84.3.251.104,84.3.251.102,app-ctrl,signature,,,00 02 00 00
48886,78018,,Modbus_Func06.Write.Single.Reg.Validation,,elevated,MODBUS,84.3.251.104,84.3.251.102,app-ctrl,signature,,"UnitID:0, Address:2, Value:0","UnitID=0,Ref=2,Data=00 00"
25902,78018,,Modbus_Write.Single.Register,,elevated,MODBUS,84.3.251.104,84.3.251.102,app-ctrl,signature,,,
48886,78018,,Modbus_Func06.Write.Single.Reg.Validation,,elevated,MODBUS,84.3.251.104,84.3.251.102,app-ctrl,signature,,,
25902,78018,,Modbus_Write.Single.Register,,elevated,MODBUS,84.3.251.104,84.3.251.102,app-ctrl,signature,,,00 02 0f a0
48886,78018,,Modbus_Func06.Write.Single.Reg.Validation,,elevated,MODBUS,84.3.251.104,84.3.251.102,app-ctrl,signature,,"UnitID:0, Address:2, Value:4000","UnitID=0,Ref=2,Data=0f a0"
16938,78018,,Modbus,,elevated,MODBUS,84.3.251.104,84.3.251.102,app-ctrl,signature,,,
25902,78020,,Modbus_Write.Single.Register,,elevated,MODBUS,84.3.251.104,84.3.251.102,app-ctrl,signature,,,00 02 00 00
48886,78020,,Modbus_Func06.Write.Single.Reg.Validation,,elevated,MODBUS,84.3.251.104,84.3.251.102,app-ctrl,signature,,"UnitID:0, Address:2, Value:0","UnitID=0,Ref=2,Data=00 00"
25902,78020,,Modbus_Write.Single.Register,,elevated,MODBUS,84.3.251.104,84.3.251.102,app-ctrl,signature,,,
48886,78020,,Modbus_Func06.Write.Single.Reg.Validation,,elevated,MODBUS,84.3.251.104,84.3.251.102,app-ctrl,signature,,,
25902,78020,,Modbus_Write.Single.Register,,elevated,MODBUS,84.3.251.104,84.3.251.102,app-ctrl,signature,,,00 02 0f a0
48886,78020,,Modbus_Func06.Write.Single.Reg.Validation,,elevated,MODBUS,84.3.251.104,84.3.251.102,app-ctrl,signature,,"UnitID:0, Address:2, Value:4000","UnitID=0,Ref=2,Data=0f a0"
16938,78020,,Modbus,,elevated,MODBUS,84.3.251.104,84.3.251.102,app-ctrl,signature,,,
25902,78022,,Modbus_Write.Single.Register,,elevated,MODBUS,84.3.251.104,84.3.251.102,app-ctrl,signature,,,00 02 00 00
48886,78022,,Modbus_Func06.Write.Single.Reg.Validation,,elevated,MODBUS,84.3.251.104,84.3.251.102,app-ctrl,signature,,"UnitID:0, Address:2, Value:0","UnitID=0,Ref=2,Data=00 00"
25902,78022,,Modbus_Write.Single.Register,,elevated,MODBUS,84.3.251.104,84.3.251.102,app-ctrl,signature,,,
48886,78022,,Modbus_Func06.Write.Single.Reg.Validation,,elevated,MODBUS,84.3.251.104,84.3.251.102,app-ctrl,signature,,,
25902,78022,,Modbus_Write.Single.Register,,elevated,MODBUS,84.3.251.104,84.3.251.102,app-ctrl,signature,,,00 02 0f a0
48886,78022,,Modbus_Func06.Write.Single.Reg.Validation,,elevated,MODBUS,84.3.251.104,84.3.251.102,app-ctrl,signature,,"UnitID:0, Address:2, Value:4000","UnitID=0,Ref=2,Data=0f a0"
16938,78022,,Modbus,,elevated,MODBUS,84.3.251.104,84.3.251.102,app-ctrl,signature,,,
25902,78024,,Modbus_Write.Single.Register,,elevated,MODBUS,84.3.251.104,84.3.251.102,app-ctrl,signature,,,00 02 00 00
48886,78024,,Modbus_Func06.Write.Single.Reg.Validation,,elevated,MODBUS,84.3.251.104,84.3.251.102,app-ctrl,signature,,"UnitID:0, Address:2, Value:0","UnitID=0,Ref=2,Data=00 00"
25902,78024,,Modbus_Write.Single.Register,,elevated,MODBUS,84.3.251.104,84.3.251.102,app-ctrl,signature,,,
48886,78024,,Modbus_Func06.Write.Single.Reg.Validation,,elevated,MODBUS,84.3.251.104,84.3.251.102,app-ctrl,signature,,,
25902,78024,,Modbus_Write.Single.Register,,elevated,MODBUS,84.3.251.104,84.3.251.102,app-ctrl,signature,,,00 02 0f a0
48886,78024,,Modbus_Func06.Write.Single.Reg.Validation,,elevated,MODBUS,84.3.251.104,84.3.251.102,app-ctrl,signature,,"UnitID:0, Address:2, Value:4000","UnitID=0,Ref=2,Data=0f a0"
16938,78024,,Modbus,,elevated,MODBUS,84.3.251.104,84.3.251.102,app-ctrl,signature,,,
25902,78026,,Modbus_Write.Single.Register,,elevated,MODBUS,84.3.251.104,84.3.251.102,app-ctrl,signature,,,00 02 00 00
48886,78026,,Modbus_Func06.Write.Single.Reg.Validation,,elevated,MODBUS,84.3.251.104,84.3.251.102,app-ctrl,signature,,"UnitID:0, Address:2, Value:0","UnitID=0,Ref=2,Data=00 00"
25902,78026,,Modbus_Write.Single.Register,,elevated,MODBUS,84.3.251.104,84.3.251.102,app-ctrl,signature,,,
48886,78026,,Modbus_Func06.Write.Single.Reg.Validation,,elevated,MODBUS,84.3.251.104,84.3.251.102,app-ctrl,signature,,,
25902,78026,,Modbus_Write.Single.Register,,elevated,MODBUS,84.3.251.104,84.3.251.102,app-ctrl,signature,,,00 02 0f a0
48886,78026,,Modbus_Func06.Write.Single.Reg.Validation,,elevated,MODBUS,84.3.251.104,84.3.251.102,app-ctrl,signature,,"UnitID:0, Address:2, Value:4000","UnitID=0,Ref=2,Data=0f a0"
16938,78026,,Modbus,,elevated,MODBUS,84.3.251.104,84.3.251.102,app-ctrl,signature,,,
25902,78028,,Modbus_Write.Single.Register,,elevated,MODBUS,84.3.251.104,84.3.251.102,app-ctrl,signature,,,00 02 00 00
48886,78028,,Modbus_Func06.Write.Single.Reg.Validation,,elevated,MODBUS,84.3.251.104,84.3.251.102,app-ctrl,signature,,"UnitID:0, Address:2, Value:0","UnitID=0,Ref=2,Data=00 00"
25902,78028,,Modbus_Write.Single.Register,,elevated,MODBUS,84.3.251.104,84.3.251.102,app-ctrl,signature,,,
48886,78028,,Modbus_Func06.Write.Single.Reg.Validation,,elevated,MODBUS,84.3.251.104,84.3.251.102,app-ctrl,signature,,,
25902,78028,,Modbus_Write.Single.Register,,elevated,MODBUS,84.3.251.104,84.3.251.102,app-ctrl,signature,,,00 02 0f a0
48886,78028,,Modbus_Func06.Write.Single.Reg.Validation,,elevated,MODBUS,84.3.251.104,84.3.251.102,app-ctrl,signature,,"UnitID:0, Address:2, Value:4000","UnitID=0,Ref=2,Data=0f a0"
16938,78028,,Modbus,,elevated,MODBUS,84.3.251.104,84.3.251.102,app-ctrl,signature,,,
25902,78030,,Modbus_Write.Single.Register,,elevated,MODBUS,84.3.251.104,84.3.251.102,app-ctrl,signature,,,00 02 00 00
48886,78030,,Modbus_Func06.Write.Single.Reg.Validation,,elevated,MODBUS,84.3.251.104,84.3.251.102,app-ctrl,signature,,"UnitID:0, Address:2, Value:0","UnitID=0,Ref=2,Data=00 00"
25902,78030,,Modbus_Write.Single.Register,,elevated,MODBUS,84.3.251.104,84.3.251.102,app-ctrl,signature,,,
48886,78030,,Modbus_Func06.Write.Single.Reg.Validation,,elevated,MODBUS,84.3.251.104,84.3.251.102,app-ctrl,signature,,,
25902,78030,,Modbus_Write.Single.Register,,elevated,MODBUS,84.3.251.104,84.3.251.102,app-ctrl,signature,,,00 02 0f a0
48886,78030,,Modbus_Func06.Write.Single.Reg.Validation,,elevated,MODBUS,84.3.251.104,84.3.251.102,app-ctrl,signature,,"UnitID:0, Address:2, Value:4000","UnitID=0,Ref=2,Data=0f a0"
16938,78030,,Modbus,,elevated,MODBUS,84.3.251.104,84.3.251.102,app-ctrl,signature,,,
25902,78032,,Modbus_Write.Single.Register,,elevated,MODBUS,84.3.251.104,84.3.251.102,app-ctrl,signature,,,00 02 00 00
48886,78032,,Modbus_Func06.Write.Single.Reg.Validation,,elevated,MODBUS,84.3.251.104,84.3.251.102,app-ctrl,signature,,"UnitID:0, Address:2, Value:0","UnitID=0,Ref=2,Data=00 00"
25902,78032,,Modbus_Write.Single.Register,,elevated,MODBUS,84.3.251.104,84.3.251.102,app-ctrl,signature,,,
48886,78032,,Modbus_Func06.Write.Single.Reg.Validation,,elevated,MODBUS,84.3.251.104,84.3.251.102,app-ctrl,signature,,,
25902,78032,,Modbus_Write.Single.Register,,elevated,MODBUS,84.3.251.104,84.3.251.102,app-ctrl,signature,,,00 02 0f a0
48886,78032,,Modbus_Func06.Write.Single.Reg.Validation,,elevated,MODBUS,84.3.251.104,84.3.251.102,app-ctrl,signature,,"UnitID:0, Address:2, Value:4000","UnitID=0,Ref=2,Data=0f a0"
16938,78032,,Modbus,,elevated,MODBUS,84.3.251.104,84.3.251.102,app-ctrl,signature,,,
25902,78034,,Modbus_Write.Single.Register,,elevated,MODBUS,84.3.251.104,84.3.251.102,app-ctrl,signature,,,00 02 00 00
48886,78034,,Modbus_Func06.Write.Single.Reg.Validation,,elevated,MODBUS,84.3.251.104,84.3.251.102,app-ctrl,signature,,"UnitID:0, Address:2, Value:0","UnitID=0,Ref=2,Data=00 00"
25902,78034,,Modbus_Write.Single.Register,,elevated,MODBUS,84.3.251.104,84.3.251.102,app-ctrl,signature,,,
48886,78034,,Modbus_Func06.Write.Single.Reg.Validation,,elevated,MODBUS,84.3.251.104,84.3.251.102,app-ctrl,signature,,,
25902,78034,,Modbus_Write.Single.Register,,elevated,MODBUS,84.3.251.104,84.3.251.102,app-ctrl,signature,,,00 02 0f a0
48886,78034,,Modbus_Func06.Write.Single.Reg.Validation,,elevated,MODBUS,84.3.251.104,84.3.251.102,app-ctrl,signature,,"UnitID:0, Address:2, Value:4000","UnitID=0,Ref=2,Data=0f a0"
16938,78034,,Modbus,,elevated,MODBUS,84.3.251.104,84.3.251.102,app-ctrl,signature,,,
25902,78038,,Modbus_Write.Single.Register,,elevated,MODBUS,84.3.251.104,84.3.251.102,app-ctrl,signature,,,00 02 00 00
48886,78038,,Modbus_Func06.Write.Single.Reg.Validation,,elevated,MODBUS,84.3.251.104,84.3.251.102,app-ctrl,signature,,"UnitID:0, Address:2, Value:0","UnitID=0,Ref=2,Data=00 00"
25902,78038,,Modbus_Write.Single.Register,,elevated,MODBUS,84.3.251.104,84.3.251.102,app-ctrl,signature,,,
48886,78038,,Modbus_Func06.Write.Single.Reg.Validation,,elevated,MODBUS,84.3.251.104,84.3.251.102,app-ctrl,signature,,,
25902,78038,,Modbus_Write.Single.Register,,elevated,MODBUS,84.3.251.104,84.3.251.102,app-ctrl,signature,,,00 02 00 00
48886,78038,,Modbus_Func06.Write.Single.Reg.Validation,,elevated,MODBUS,84.3.251.104,84.3.251.102,app-ctrl,signature,,"UnitID:0, Address:2, Value:0","UnitID=0,Ref=2,Data=00 00"
16938,78038,,Modbus,,elevated,MODBUS,84.3.251.104,84.3.251.102,app-ctrl,signature,,,
24466,77971,,Ping,,elevated,PING,84.3.251.104,84.3.251.102,app-ctrl,signature,,,
25902,77973,,Modbus_Write.Single.Register,,elevated,MODBUS,84.3.251.104,84.3.251.102,app-ctrl,signature,,,00 02 00 00
48886,77973,,Modbus_Func06.Write.Single.Reg.Validation,,elevated,MODBUS,84.3.251.104,84.3.251.102,app-ctrl,signature,,"UnitID:0, Address:2, Value:0","UnitID=0,Ref=2,Data=00 00"
25902,77973,,Modbus_Write.Single.Register,,elevated,MODBUS,84.3.251.104,84.3.251.102,app-ctrl,signature,,,
48886,77973,,Modbus_Func06.Write.Single.Reg.Validation,,elevated,MODBUS,84.3.251.104,84.3.251.102,app-ctrl,signature,,,
25902,77973,,Modbus_Write.Single.Register,,elevated,MODBUS,84.3.251.104,84.3.251.102,app-ctrl,signature,,,00 02 00 00
48886,77973,,Modbus_Func06.Write.Single.Reg.Validation,,elevated,MODBUS,84.3.251.104,84.3.251.102,app-ctrl,signature,,"UnitID:0, Address:2, Value:0","UnitID=0,Ref=2,Data=00 00"
16938,77973,,Modbus,,elevated,MODBUS,84.3.251.104,84.3.251.102,app-ctrl,signature,,,
25902,77975,,Modbus_Write.Single.Register,,elevated,MODBUS,84.3.251.104,84.3.251.102,app-ctrl,signature,,,00 02 00 00
48886,77975,,Modbus_Func06.Write.Single.Reg.Validation,,elevated,MODBUS,84.3.251.104,84.3.251.102,app-ctrl,signature,,"UnitID:0, Address:2, Value:0","UnitID=0,Ref=2,Data=00 00"
25902,77975,,Modbus_Write.Single.Register,,elevated,MODBUS,84.3.251.104,84.3.251.102,app-ctrl,signature,,,
48886,77975,,Modbus_Func06.Write.Single.Reg.Validation,,elevated,MODBUS,84.3.251.104,84.3.251.102,app-ctrl,signature,,,
25902,77975,,Modbus_Write.Single.Register,,elevated,MODBUS,84.3.251.104,84.3.251.102,app-ctrl,signature,,,00 02 00 00
48886,77975,,Modbus_Func06.Write.Single.Reg.Validation,,elevated,MODBUS,84.3.251.104,84.3.251.102,app-ctrl,signature,,"UnitID:0, Address:2, Value:0","UnitID=0,Ref=2,Data=00 00"
16938,77975,,Modbus,,elevated,MODBUS,84.3.251.104,84.3.251.102,app-ctrl,signature,,,
25902,77977,,Modbus_Write.Single.Register,,elevated,MODBUS,84.3.251.104,84.3.251.102,app-ctrl,signature,,,00 02 00 00
48886,77977,,Modbus_Func06.Write.Single.Reg.Validation,,elevated,MODBUS,84.3.251.104,84.3.251.102,app-ctrl,signature,,"UnitID:0, Address:2, Value:0","UnitID=0,Ref=2,Data=00 00"
25902,77977,,Modbus_Write.Single.Register,,elevated,MODBUS,84.3.251.104,84.3.251.102,app-ctrl,signature,,,
48886,77977,,Modbus_Func06.Write.Single.Reg.Validation,,elevated,MODBUS,84.3.251.104,84.3.251.102,app-ctrl,signature,,,
25902,77977,,Modbus_Write.Single.Register,,elevated,MODBUS,84.3.251.104,84.3.251.102,app-ctrl,signature,,,00 02 00 00
48886,77977,,Modbus_Func06.Write.Single.Reg.Validation,,elevated,MODBUS,84.3.251.104,84.3.251.102,app-ctrl,signature,,"UnitID:0, Address:2, Value:0","UnitID=0,Ref=2,Data=00 00"
16938,77977,,Modbus,,elevated,MODBUS,84.3.251.104,84.3.251.102,app-ctrl,signature,,,
25902,77979,,Modbus_Write.Single.Register,,elevated,MODBUS,84.3.251.104,84.3.251.102,app-ctrl,signature,,,00 02 00 00
48886,77979,,Modbus_Func06.Write.Single.Reg.Validation,,elevated,MODBUS,84.3.251.104,84.3.251.102,app-ctrl,signature,,"UnitID:0, Address:2, Value:0","UnitID=0,Ref=2,Data=00 00"
25902,77979,,Modbus_Write.Single.Register,,elevated,MODBUS,84.3.251.104,84.3.251.102,app-ctrl,signature,,,
48886,77979,,Modbus_Func06.Write.Single.Reg.Validation,,elevated,MODBUS,84.3.251.104,84.3.251.102,app-ctrl,signature,,,
25902,77979,,Modbus_Write.Single.Register,,elevated,MODBUS,84.3.251.104,84.3.251.102,app-ctrl,signature,,,00 02 00 00
48886,77979,,Modbus_Func06.Write.Single.Reg.Validation,,elevated,MODBUS,84.3.251.104,84.3.251.102,app-ctrl,signature,,"UnitID:0, Address:2, Value:0","UnitID=0,Ref=2,Data=00 00"
16938,77979,,Modbus,,elevated,MODBUS,84.3.251.104,84.3.251.102,app-ctrl,signature,,,
25902,77981,,Modbus_Write.Single.Register,,elevated,MODBUS,84.3.251.104,84.3.251.102,app-ctrl,signature,,,00 02 00 00
48886,77981,,Modbus_Func06.Write.Single.Reg.Validation,,elevated,MODBUS,84.3.251.104,84.3.251.102,app-ctrl,signature,,"UnitID:0, Address:2, Value:0","UnitID=0,Ref=2,Data=00 00"
25902,77981,,Modbus_Write.Single.Register,,elevated,MODBUS,84.3.251.104,84.3.251.102,app-ctrl,signature,,,
48886,77981,,Modbus_Func06.Write.Single.Reg.Validation,,elevated,MODBUS,84.3.251.104,84.3.251.102,app-ctrl,signature,,,
25902,77981,,Modbus_Write.Single.Register,,elevated,MODBUS,84.3.251.104,84.3.251.102,app-ctrl,signature,,,00 02 00 00
48886,77981,,Modbus_Func06.Write.Single.Reg.Validation,,elevated,MODBUS,84.3.251.104,84.3.251.102,app-ctrl,signature,,"UnitID:0, Address:2, Value:0","UnitID=0,Ref=2,Data=00 00"
16938,77981,,Modbus,,elevated,MODBUS,84.3.251.104,84.3.251.102,app-ctrl,signature,,,
25902,77983,,Modbus_Write.Single.Register,,elevated,MODBUS,84.3.251.104,84.3.251.102,app-ctrl,signature,,,00 02 00 00
48886,77983,,Modbus_Func06.Write.Single.Reg.Validation,,elevated,MODBUS,84.3.251.104,84.3.251.102,app-ctrl,signature,,"UnitID:0, Address:2, Value:0","UnitID=0,Ref=2,Data=00 00"
25902,77983,,Modbus_Write.Single.Register,,elevated,MODBUS,84.3.251.104,84.3.251.102,app-ctrl,signature,,,
48886,77983,,Modbus_Func06.Write.Single.Reg.Validation,,elevated,MODBUS,84.3.251.104,84.3.251.102,app-ctrl,signature,,,
25902,77983,,Modbus_Write.Single.Register,,elevated,MODBUS,84.3.251.104,84.3.251.102,app-ctrl,signature,,,00 02 00 00
48886,77983,,Modbus_Func06.Write.Single.Reg.Validation,,elevated,MODBUS,84.3.251.104,84.3.251.102,app-ctrl,signature,,"UnitID:0, Address:2, Value:0","UnitID=0,Ref=2,Data=00 00"
16938,77983,,Modbus,,elevated,MODBUS,84.3.251.104,84.3.251.102,app-ctrl,signature,,,
25902,77985,,Modbus_Write.Single.Register,,elevated,MODBUS,84.3.251.104,84.3.251.102,app-ctrl,signature,,,00 02 00 00
48886,77985,,Modbus_Func06.Write.Single.Reg.Validation,,elevated,MODBUS,84.3.251.104,84.3.251.102,app-ctrl,signature,,"UnitID:0, Address:2, Value:0","UnitID=0,Ref=2,Data=00 00"
25902,77985,,Modbus_Write.Single.Register,,elevated,MODBUS,84.3.251.104,84.3.251.102,app-ctrl,signature,,,
48886,77985,,Modbus_Func06.Write.Single.Reg.Validation,,elevated,MODBUS,84.3.251.104,84.3.251.102,app-ctrl,signature,,,
25902,77985,,Modbus_Write.Single.Register,,elevated,MODBUS,84.3.251.104,84.3.251.102,app-ctrl,signature,,,00 02 00 00
48886,77985,,Modbus_Func06.Write.Single.Reg.Validation,,elevated,MODBUS,84.3.251.104,84.3.251.102,app-ctrl,signature,,"UnitID:0, Address:2, Value:0","UnitID=0,Ref=2,Data=00 00"
16938,77985,,Modbus,,elevated,MODBUS,84.3.251.104,84.3.251.102,app-ctrl,signature,,,
25902,77987,,Modbus_Write.Single.Register,,elevated,MODBUS,84.3.251.104,84.3.251.102,app-ctrl,signature,,,00 02 00 00
48886,77987,,Modbus_Func06.Write.Single.Reg.Validation,,elevated,MODBUS,84.3.251.104,84.3.251.102,app-ctrl,signature,,"UnitID:0, Address:2, Value:0","UnitID=0,Ref=2,Data=00 00"
25902,77987,,Modbus_Write.Single.Register,,elevated,MODBUS,84.3.251.104,84.3.251.102,app-ctrl,signature,,,
48886,77987,,Modbus_Func06.Write.Single.Reg.Validation,,elevated,MODBUS,84.3.251.104,84.3.251.102,app-ctrl,signature,,,
25902,77987,,Modbus_Write.Single.Register,,elevated,MODBUS,84.3.251.104,84.3.251.102,app-ctrl,signature,,,00 02 00 00
48886,77987,,Modbus_Func06.Write.Single.Reg.Validation,,elevated,MODBUS,84.3.251.104,84.3.251.102,app-ctrl,signature,,"UnitID:0, Address:2, Value:0","UnitID=0,Ref=2,Data=00 00"
16938,77987,,Modbus,,elevated,MODBUS,84.3.251.104,84.3.251.102,app-ctrl,signature,,,
25902,77989,,Modbus_Write.Single.Register,,elevated,MODBUS,84.3.251.104,84.3.251.102,app-ctrl,signature,,,00 02 00 00
48886,77989,,Modbus_Func06.Write.Single.Reg.Validation,,elevated,MODBUS,84.3.251.104,84.3.251.102,app-ctrl,signature,,"UnitID:0, Address:2, Value:0","UnitID=0,Ref=2,Data=00 00"
25902,77989,,Modbus_Write.Single.Register,,elevated,MODBUS,84.3.251.104,84.3.251.102,app-ctrl,signature,,,
48886,77989,,Modbus_Func06.Write.Single.Reg.Validation,,elevated,MODBUS,84.3.251.104,84.3.251.102,app-ctrl,signature,,,
25902,77989,,Modbus_Write.Single.Register,,elevated,MODBUS,84.3.251.104,84.3.251.102,app-ctrl,signature,,,00 02 0f a0
48886,77989,,Modbus_Func06.Write.Single.Reg.Validation,,elevated,MODBUS,84.3.251.104,84.3.251.102,app-ctrl,signature,,"UnitID:0, Address:2, Value:4000","UnitID=0,Ref=2,Data=0f a0"
16938,77989,,Modbus,,elevated,MODBUS,84.3.251.104,84.3.251.102,app-ctrl,signature,,,
25902,77991,,Modbus_Write.Single.Register,,elevated,MODBUS,84.3.251.104,84.3.251.102,app-ctrl,signature,,,00 02 00 00
48886,77991,,Modbus_Func06.Write.Single.Reg.Validation,,elevated,MODBUS,84.3.251.104,84.3.251.102,app-ctrl,signature,,"UnitID:0, Address:2, Value:0","UnitID=0,Ref=2,Data=00 00"
25902,77991,,Modbus_Write.Single.Register,,elevated,MODBUS,84.3.251.104,84.3.251.102,app-ctrl,signature,,,
48886,77991,,Modbus_Func06.Write.Single.Reg.Validation,,elevated,MODBUS,84.3.251.104,84.3.251.102,app-ctrl,signature,,,
25902,77991,,Modbus_Write.Single.Register,,elevated,MODBUS,84.3.251.104,84.3.251.102,app-ctrl,signature,,,00 02 0f a0
48886,77991,,Modbus_Func06.Write.Single.Reg.Validation,,elevated,MODBUS,84.3.251.104,84.3.251.102,app-ctrl,signature,,"UnitID:0, Address:2, Value:4000","UnitID=0,Ref=2,Data=0f a0"
16938,77991,,Modbus,,elevated,MODBUS,84.3.251.104,84.3.251.102,app-ctrl,signature,,,
25902,77993,,Modbus_Write.Single.Register,,elevated,MODBUS,84.3.251.104,84.3.251.102,app-ctrl,signature,,,00 02 00 00
48886,77993,,Modbus_Func06.Write.Single.Reg.Validation,,elevated,MODBUS,84.3.251.104,84.3.251.102,app-ctrl,signature,,"UnitID:0, Address:2, Value:0","UnitID=0,Ref=2,Data=00 00"
25902,77993,,Modbus_Write.Single.Register,,elevated,MODBUS,84.3.251.104,84.3.251.102,app-ctrl,signature,,,
48886,77993,,Modbus_Func06.Write.Single.Reg.Validation,,elevated,MODBUS,84.3.251.104,84.3.251.102,app-ctrl,signature,,,
25902,77993,,Modbus_Write.Single.Register,,elevated,MODBUS,84.3.251.104,84.3.251.102,app-ctrl,signature,,,00 02 0f a0
48886,77993,,Modbus_Func06.Write.Single.Reg.Validation,,elevated,MODBUS,84.3.251.104,84.3.251.102,app-ctrl,signature,,"UnitID:0, Address:2, Value:4000","UnitID=0,Ref=2,Data=0f a0"
16938,77993,,Modbus,,elevated,MODBUS,84.3.251.104,84.3.251.102,app-ctrl,signature,,,
25902,77995,,Modbus_Write.Single.Register,,elevated,MODBUS,84.3.251.104,84.3.251.102,app-ctrl,signature,,,00 02 00 00
48886,77995,,Modbus_Func06.Write.Single.Reg.Validation,,elevated,MODBUS,84.3.251.104,84.3.251.102,app-ctrl,signature,,"UnitID:0, Address:2, Value:0","UnitID=0,Ref=2,Data=00 00"
25902,77995,,Modbus_Write.Single.Register,,elevated,MODBUS,84.3.251.104,84.3.251.102,app-ctrl,signature,,,
48886,77995,,Modbus_Func06.Write.Single.Reg.Validation,,elevated,MODBUS,84.3.251.104,84.3.251.102,app-ctrl,signature,,,
25902,77995,,Modbus_Write.Single.Register,,elevated,MODBUS,84.3.251.104,84.3.251.102,app-ctrl,signature,,,00 02 0f a0
48886,77995,,Modbus_Func06.Write.Single.Reg.Validation,,elevated,MODBUS,84.3.251.104,84.3.251.102,app-ctrl,signature,,"UnitID:0, Address:2, Value:4000","UnitID=0,Ref=2,Data=0f a0"
16938,77995,,Modbus,,elevated,MODBUS,84.3.251.104,84.3.251.102,app-ctrl,signature,,,
25902,77997,,Modbus_Write.Single.Register,,elevated,MODBUS,84.3.251.104,84.3.251.102,app-ctrl,signature,,,00 02 00 00
48886,77997,,Modbus_Func06.Write.Single.Reg.Validation,,elevated,MODBUS,84.3.251.104,84.3.251.102,app-ctrl,signature,,"UnitID:0, Address:2, Value:0","UnitID=0,Ref=2,Data=00 00"
25902,77997,,Modbus_Write.Single.Register,,elevated,MODBUS,84.3.251.104,84.3.251.102,app-ctrl,signature,,,
48886,77997,,Modbus_Func06.Write.Single.Reg.Validation,,elevated,MODBUS,84.3.251.104,84.3.251.102,app-ctrl,signature,,,
25902,77997,,Modbus_Write.Single.Register,,elevated,MODBUS,84.3.251.104,84.3.251.102,app-ctrl,signature,,,00 02 0f a0
48886,77997,,Modbus_Func06.Write.Single.Reg.Validation,,elevated,MODBUS,84.3.251.104,84.3.251.102,app-ctrl,signature,,"UnitID:0, Address:2, Value:4000","UnitID=0,Ref=2,Data=0f a0"
16938,77997,,Modbus,,elevated,MODBUS,84.3.251.104,84.3.251.102,app-ctrl,signature,,,
25902,77999,,Modbus_Write.Single.Register,,elevated,MODBUS,84.3.251.104,84.3.251.102,app-ctrl,signature,,,00 02 00 00
48886,77999,,Modbus_Func06.Write.Single.Reg.Validation,,elevated,MODBUS,84.3.251.104,84.3.251.102,app-ctrl,signature,,"UnitID:0, Address:2, Value:0","UnitID=0,Ref=2,Data=00 00"
25902,77999,,Modbus_Write.Single.Register,,elevated,MODBUS,84.3.251.104,84.3.251.102,app-ctrl,signature,,,
48886,77999,,Modbus_Func06.Write.Single.Reg.Validation,,elevated,MODBUS,84.3.251.104,84.3.251.102,app-ctrl,signature,,,
25902,77999,,Modbus_Write.Single.Register,,elevated,MODBUS,84.3.251.104,84.3.251.102,app-ctrl,signature,,,00 02 0f a0
48886,77999,,Modbus_Func06.Write.Single.Reg.Validation,,elevated,MODBUS,84.3.251.104,84.3.251.102,app-ctrl,signature,,"UnitID:0, Address:2, Value:4000","UnitID=0,Ref=2,Data=0f a0"
16938,77999,,Modbus,,elevated,MODBUS,84.3.251.104,84.3.251.102,app-ctrl,signature,,,
25902,78001,,Modbus_Write.Single.Register,,elevated,MODBUS,84.3.251.104,84.3.251.102,app-ctrl,signature,,,00 02 00 00
48886,78001,,Modbus_Func06.Write.Single.Reg.Validation,,elevated,MODBUS,84.3.251.104,84.3.251.102,app-ctrl,signature,,"UnitID:0, Address:2, Value:0","UnitID=0,Ref=2,Data=00 00"
25902,78001,,Modbus_Write.Single.Register,,elevated,MODBUS,84.3.251.104,84.3.251.102,app-ctrl,signature,,,
48886,78001,,Modbus_Func06.Write.Single.Reg.Validation,,elevated,MODBUS,84.3.251.104,84.3.251.102,app-ctrl,signature,,,
25902,78001,,Modbus_Write.Single.Register,,elevated,MODBUS,84.3.251.104,84.3.251.102,app-ctrl,signature,,,00 02 0f a0
48886,78001,,Modbus_Func06.Write.Single.Reg.Validation,,elevated,MODBUS,84.3.251.104,84.3.251.102,app-ctrl,signature,,"UnitID:0, Address:2, Value:4000","UnitID=0,Ref=2,Data=0f a0"
16938,78001,,Modbus,,elevated,MODBUS,84.3.251.104,84.3.251.102,app-ctrl,signature,,,
25902,78003,,Modbus_Write.Single.Register,,elevated,MODBUS,84.3.251.104,84.3.251.102,app-ctrl,signature,,,00 02 00 00
48886,78003,,Modbus_Func06.Write.Single.Reg.Validation,,elevated,MODBUS,84.3.251.104,84.3.251.102,app-ctrl,signature,,"UnitID:0, Address:2, Value:0","UnitID=0,Ref=2,Data=00 00"
25902,78003,,Modbus_Write.Single.Register,,elevated,MODBUS,84.3.251.104,84.3.251.102,app-ctrl,signature,,,
48886,78003,,Modbus_Func06.Write.Single.Reg.Validation,,elevated,MODBUS,84.3.251.104,84.3.251.102,app-ctrl,signature,,,
25902,78003,,Modbus_Write.Single.Register,,elevated,MODBUS,84.3.251.104,84.3.251.102,app-ctrl,signature,,,00 02 0f a0
48886,78003,,Modbus_Func06.Write.Single.Reg.Validation,,elevated,MODBUS,84.3.251.104,84.3.251.102,app-ctrl,signature,,"UnitID:0, Address:2, Value:4000","UnitID=0,Ref=2,Data=0f a0"
16938,78003,,Modbus,,elevated,MODBUS,84.3.251.104,84.3.251.102,app-ctrl,signature,,,
25902,78005,,Modbus_Write.Single.Register,,elevated,MODBUS,84.3.251.104,84.3.251.102,app-ctrl,signature,,,00 02 00 00
48886,78005,,Modbus_Func06.Write.Single.Reg.Validation,,elevated,MODBUS,84.3.251.104,84.3.251.102,app-ctrl,signature,,"UnitID:0, Address:2, Value:0","UnitID=0,Ref=2,Data=00 00"
25902,78005,,Modbus_Write.Single.Register,,elevated,MODBUS,84.3.251.104,84.3.251.102,app-ctrl,signature,,,
48886,78005,,Modbus_Func06.Write.Single.Reg.Validation,,elevated,MODBUS,84.3.251.104,84.3.251.102,app-ctrl,signature,,,
25902,78005,,Modbus_Write.Single.Register,,elevated,MODBUS,84.3.251.104,84.3.251.102,app-ctrl,signature,,,00 02 0f a0
48886,78005,,Modbus_Func06.Write.Single.Reg.Validation,,elevated,MODBUS,84.3.251.104,84.3.251.102,app-ctrl,signature,,"UnitID:0, Address:2, Value:4000","UnitID=0,Ref=2,Data=0f a0"
16938,78005,,Modbus,,elevated,MODBUS,84.3.251.104,84.3.251.102,app-ctrl,signature,,,
25902,78007,,Modbus_Write.Single.Register,,elevated,MODBUS,84.3.251.104,84.3.251.102,app-ctrl,signature,,,00 02 00 00
48886,78007,,Modbus_Func06.Write.Single.Reg.Validation,,elevated,MODBUS,84.3.251.104,84.3.251.102,app-ctrl,signature,,"UnitID:0, Address:2, Value:0","UnitID=0,Ref=2,Data=00 00"
25902,78007,,Modbus_Write.Single.Register,,elevated,MODBUS,84.3.251.104,84.3.251.102,app-ctrl,signature,,,
48886,78007,,Modbus_Func06.Write.Single.Reg.Validation,,elevated,MODBUS,84.3.251.104,84.3.251.102,app-ctrl,signature,,,
25902,78007,,Modbus_Write.Single.Register,,elevated,MODBUS,84.3.251.104,84.3.251.102,app-ctrl,signature,,,00 02 0f a0
48886,78007,,Modbus_Func06.Write.Single.Reg.Validation,,elevated,MODBUS,84.3.251.104,84.3.251.102,app-ctrl,signature,,"UnitID:0, Address:2, Value:4000","UnitID=0,Ref=2,Data=0f a0"
16938,78007,,Modbus,,elevated,MODBUS,84.3.251.104,84.3.251.102,app-ctrl,signature,,,
25902,78009,,Modbus_Write.Single.Register,,elevated,MODBUS,84.3.251.104,84.3.251.102,app-ctrl,signature,,,00 02 00 00
48886,78009,,Modbus_Func06.Write.Single.Reg.Validation,,elevated,MODBUS,84.3.251.104,84.3.251.102,app-ctrl,signature,,"UnitID:0, Address:2, Value:0","UnitID=0,Ref=2,Data=00 00"
25902,78009,,Modbus_Write.Single.Register,,elevated,MODBUS,84.3.251.104,84.3.251.102,app-ctrl,signature,,,
48886,78009,,Modbus_Func06.Write.Single.Reg.Validation,,elevated,MODBUS,84.3.251.104,84.3.251.102,app-ctrl,signature,,,
25902,78009,,Modbus_Write.Single.Register,,elevated,MODBUS,84.3.251.104,84.3.251.102,app-ctrl,signature,,,00 02 0f a0
48886,78009,,Modbus_Func06.Write.Single.Reg.Validation,,elevated,MODBUS,84.3.251.104,84.3.251.102,app-ctrl,signature,,"UnitID:0, Address:2, Value:4000","UnitID=0,Ref=2,Data=0f a0"
16938,78009,,Modbus,,elevated,MODBUS,84.3.251.104,84.3.251.102,app-ctrl,signature,,,
25902,78011,,Modbus_Write.Single.Register,,elevated,MODBUS,84.3.251.104,84.3.251.102,app-ctrl,signature,,,00 02 00 00
48886,78011,,Modbus_Func06.Write.Single.Reg.Validation,,elevated,MODBUS,84.3.251.104,84.3.251.102,app-ctrl,signature,,"UnitID:0, Address:2, Value:0","UnitID=0,Ref=2,Data=00 00"
25902,78011,,Modbus_Write.Single.Register,,elevated,MODBUS,84.3.251.104,84.3.251.102,app-ctrl,signature,,,
48886,78011,,Modbus_Func06.Write.Single.Reg.Validation,,elevated,MODBUS,84.3.251.104,84.3.251.102,app-ctrl,signature,,,
25902,78011,,Modbus_Write.Single.Register,,elevated,MODBUS,84.3.251.104,84.3.251.102,app-ctrl,signature,,,00 02 0f a0
48886,78011,,Modbus_Func06.Write.Single.Reg.Validation,,elevated,MODBUS,84.3.251.104,84.3.251.102,app-ctrl,signature,,"UnitID:0, Address:2, Value:4000","UnitID=0,Ref=2,Data=0f a0"
16938,78011,,Modbus,,elevated,MODBUS,84.3.251.104,84.3.251.102,app-ctrl,signature,,,
25902,78013,,Modbus_Write.Single.Register,,elevated,MODBUS,84.3.251.104,84.3.251.102,app-ctrl,signature,,,00 02 00 00
48886,78013,,Modbus_Func06.Write.Single.Reg.Validation,,elevated,MODBUS,84.3.251.104,84.3.251.102,app-ctrl,signature,,"UnitID:0, Address:2, Value:0","UnitID=0,Ref=2,Data=00 00"
25902,78013,,Modbus_Write.Single.Register,,elevated,MODBUS,84.3.251.104,84.3.251.102,app-ctrl,signature,,,
48886,78013,,Modbus_Func06.Write.Single.Reg.Validation,,elevated,MODBUS,84.3.251.104,84.3.251.102,app-ctrl,signature,,,
25902,78013,,Modbus_Write.Single.Register,,elevated,MODBUS,84.3.251.104,84.3.251.102,app-ctrl,signature,,,00 02 0f a0
48886,78013,,Modbus_Func06.Write.Single.Reg.Validation,,elevated,MODBUS,84.3.251.104,84.3.251.102,app-ctrl,signature,,"UnitID:0, Address:2, Value:4000","UnitID=0,Ref=2,Data=0f a0"
16938,78013,,Modbus,,elevated,MODBUS,84.3.251.104,84.3.251.102,app-ctrl,signature,,,
25902,78015,,Modbus_Write.Single.Register,,elevated,MODBUS,84.3.251.104,84.3.251.102,app-ctrl,signature,,,00 02 00 00
48886,78015,,Modbus_Func06.Write.Single.Reg.Validation,,elevated,MODBUS,84.3.251.104,84.3.251.102,app-ctrl,signature,,"UnitID:0, Address:2, Value:0","UnitID=0,Ref=2,Data=00 00"
25902,78015,,Modbus_Write.Single.Register,,elevated,MODBUS,84.3.251.104,84.3.251.102,app-ctrl,signature,,,
48886,78015,,Modbus_Func06.Write.Single.Reg.Validation,,elevated,MODBUS,84.3.251.104,84.3.251.102,app-ctrl,signature,,,
25902,78015,,Modbus_Write.Single.Register,,elevated,MODBUS,84.3.251.104,84.3.251.102,app-ctrl,signature,,,00 02 0f a0
48886,78015,,Modbus_Func06.Write.Single.Reg.Validation,,elevated,MODBUS,84.3.251.104,84.3.251.102,app-ctrl,signature,,"UnitID:0, Address:2, Value:4000","UnitID=0,Ref=2,Data=0f a0"
16938,78015,,Modbus,,elevated,MODBUS,84.3.251.104,84.3.251.102,app-ctrl,signature,,,
25902,78017,,Modbus_Write.Single.Register,,elevated,MODBUS,84.3.251.104,84.3.251.102,app-ctrl,signature,,,00 02 00 00
48886,78017,,Modbus_Func06.Write.Single.Reg.Validation,,elevated,MODBUS,84.3.251.104,84.3.251.102,app-ctrl,signature,,"UnitID:0, Address:2, Value:0","UnitID=0,Ref=2,Data=00 00"
25902,78017,,Modbus_Write.Single.Register,,elevated,MODBUS,84.3.251.104,84.3.251.102,app-ctrl,signature,,,
48886,78017,,Modbus_Func06.Write.Single.Reg.Validation,,elevated,MODBUS,84.3.251.104,84.3.251.102,app-ctrl,signature,,,
25902,78017,,Modbus_Write.Single.Register,,elevated,MODBUS,84.3.251.104,84.3.251.102,app-ctrl,signature,,,00 02 0f a0
48886,78017,,Modbus_Func06.Write.Single.Reg.Validation,,elevated,MODBUS,84.3.251.104,84.3.251.102,app-ctrl,signature,,"UnitID:0, Address:2, Value:4000","UnitID=0,Ref=2,Data=0f a0"
16938,78017,,Modbus,,elevated,MODBUS,84.3.251.104,84.3.251.102,app-ctrl,signature,,,
25902,78019,,Modbus_Write.Single.Register,,elevated,MODBUS,84.3.251.104,84.3.251.102,app-ctrl,signature,,,00 02 00 00
48886,78019,,Modbus_Func06.Write.Single.Reg.Validation,,elevated,MODBUS,84.3.251.104,84.3.251.102,app-ctrl,signature,,"UnitID:0, Address:2, Value:0","UnitID=0,Ref=2,Data=00 00"
25902,78019,,Modbus_Write.Single.Register,,elevated,MODBUS,84.3.251.104,84.3.251.102,app-ctrl,signature,,,
48886,78019,,Modbus_Func06.Write.Single.Reg.Validation,,elevated,MODBUS,84.3.251.104,84.3.251.102,app-ctrl,signature,,,
25902,78019,,Modbus_Write.Single.Register,,elevated,MODBUS,84.3.251.104,84.3.251.102,app-ctrl,signature,,,00 02 0f a0
48886,78019,,Modbus_Func06.Write.Single.Reg.Validation,,elevated,MODBUS,84.3.251.104,84.3.251.102,app-ctrl,signature,,"UnitID:0, Address:2, Value:4000","UnitID=0,Ref=2,Data=0f a0"
16938,78019,,Modbus,,elevated,MODBUS,84.3.251.104,84.3.251.102,app-ctrl,signature,,,
25902,78021,,Modbus_Write.Single.Register,,elevated,MODBUS,84.3.251.104,84.3.251.102,app-ctrl,signature,,,00 02 00 00
48886,78021,,Modbus_Func06.Write.Single.Reg.Validation,,elevated,MODBUS,84.3.251.104,84.3.251.102,app-ctrl,signature,,"UnitID:0, Address:2, Value:0","UnitID=0,Ref=2,Data=00 00"
25902,78021,,Modbus_Write.Single.Register,,elevated,MODBUS,84.3.251.104,84.3.251.102,app-ctrl,signature,,,
48886,78021,,Modbus_Func06.Write.Single.Reg.Validation,,elevated,MODBUS,84.3.251.104,84.3.251.102,app-ctrl,signature,,,
25902,78021,,Modbus_Write.Single.Register,,elevated,MODBUS,84.3.251.104,84.3.251.102,app-ctrl,signature,,,00 02 0f a0
48886,78021,,Modbus_Func06.Write.Single.Reg.Validation,,elevated,MODBUS,84.3.251.104,84.3.251.102,app-ctrl,signature,,"UnitID:0, Address:2, Value:4000","UnitID=0,Ref=2,Data=0f a0"
16938,78021,,Modbus,,elevated,MODBUS,84.3.251.104,84.3.251.102,app-ctrl,signature,,,
25902,78023,,Modbus_Write.Single.Register,,elevated,MODBUS,84.3.251.104,84.3.251.102,app-ctrl,signature,,,00 02 00 00
48886,78023,,Modbus_Func06.Write.Single.Reg.Validation,,elevated,MODBUS,84.3.251.104,84.3.251.102,app-ctrl,signature,,"UnitID:0, Address:2, Value:0","UnitID=0,Ref=2,Data=00 00"
25902,78023,,Modbus_Write.Single.Register,,elevated,MODBUS,84.3.251.104,84.3.251.102,app-ctrl,signature,,,
48886,78023,,Modbus_Func06.Write.Single.Reg.Validation,,elevated,MODBUS,84.3.251.104,84.3.251.102,app-ctrl,signature,,,
25902,78023,,Modbus_Write.Single.Register,,elevated,MODBUS,84.3.251.104,84.3.251.102,app-ctrl,signature,,,00 02 0f a0
48886,78023,,Modbus_Func06.Write.Single.Reg.Validation,,elevated,MODBUS,84.3.251.104,84.3.251.102,app-ctrl,signature,,"UnitID:0, Address:2, Value:4000","UnitID=0,Ref=2,Data=0f a0"
16938,78023,,Modbus,,elevated,MODBUS,84.3.251.104,84.3.251.102,app-ctrl,signature,,,
25902,78025,,Modbus_Write.Single.Register,,elevated,MODBUS,84.3.251.104,84.3.251.102,app-ctrl,signature,,,00 02 00 00
48886,78025,,Modbus_Func06.Write.Single.Reg.Validation,,elevated,MODBUS,84.3.251.104,84.3.251.102,app-ctrl,signature,,"UnitID:0, Address:2, Value:0","UnitID=0,Ref=2,Data=00 00"
25902,78025,,Modbus_Write.Single.Register,,elevated,MODBUS,84.3.251.104,84.3.251.102,app-ctrl,signature,,,
48886,78025,,Modbus_Func06.Write.Single.Reg.Validation,,elevated,MODBUS,84.3.251.104,84.3.251.102,app-ctrl,signature,,,
25902,78025,,Modbus_Write.Single.Register,,elevated,MODBUS,84.3.251.104,84.3.251.102,app-ctrl,signature,,,00 02 0f a0
48886,78025,,Modbus_Func06.Write.Single.Reg.Validation,,elevated,MODBUS,84.3.251.104,84.3.251.102,app-ctrl,signature,,"UnitID:0, Address:2, Value:4000","UnitID=0,Ref=2,Data=0f a0"
16938,78025,,Modbus,,elevated,MODBUS,84.3.251.104,84.3.251.102,app-ctrl,signature,,,
25902,78027,,Modbus_Write.Single.Register,,elevated,MODBUS,84.3.251.104,84.3.251.102,app-ctrl,signature,,,00 02 00 00
48886,78027,,Modbus_Func06.Write.Single.Reg.Validation,,elevated,MODBUS,84.3.251.104,84.3.251.102,app-ctrl,signature,,"UnitID:0, Address:2, Value:0","UnitID=0,Ref=2,Data=00 00"
25902,78027,,Modbus_Write.Single.Register,,elevated,MODBUS,84.3.251.104,84.3.251.102,app-ctrl,signature,,,
48886,78027,,Modbus_Func06.Write.Single.Reg.Validation,,elevated,MODBUS,84.3.251.104,84.3.251.102,app-ctrl,signature,,,
25902,78027,,Modbus_Write.Single.Register,,elevated,MODBUS,84.3.251.104,84.3.251.102,app-ctrl,signature,,,00 02 0f a0
48886,78027,,Modbus_Func06.Write.Single.Reg.Validation,,elevated,MODBUS,84.3.251.104,84.3.251.102,app-ctrl,signature,,"UnitID:0, Address:2, Value:4000","UnitID=0,Ref=2,Data=0f a0"
16938,78027,,Modbus,,elevated,MODBUS,84.3.251.104,84.3.251.102,app-ctrl,signature,,,
25902,78029,,Modbus_Write.Single.Register,,elevated,MODBUS,84.3.251.104,84.3.251.102,app-ctrl,signature,,,00 02 00 00
48886,78029,,Modbus_Func06.Write.Single.Reg.Validation,,elevated,MODBUS,84.3.251.104,84.3.251.102,app-ctrl,signature,,"UnitID:0, Address:2, Value:0","UnitID=0,Ref=2,Data=00 00"
25902,78029,,Modbus_Write.Single.Register,,elevated,MODBUS,84.3.251.104,84.3.251.102,app-ctrl,signature,,,
48886,78029,,Modbus_Func06.Write.Single.Reg.Validation,,elevated,MODBUS,84.3.251.104,84.3.251.102,app-ctrl,signature,,,
25902,78029,,Modbus_Write.Single.Register,,elevated,MODBUS,84.3.251.104,84.3.251.102,app-ctrl,signature,,,00 02 0f a0
48886,78029,,Modbus_Func06.Write.Single.Reg.Validation,,elevated,MODBUS,84.3.251.104,84.3.251.102,app-ctrl,signature,,"UnitID:0, Address:2, Value:4000","UnitID=0,Ref=2,Data=0f a0"
16938,78029,,Modbus,,elevated,MODBUS,84.3.251.104,84.3.251.102,app-ctrl,signature,,,
25902,78031,,Modbus_Write.Single.Register,,elevated,MODBUS,84.3.251.104,84.3.251.102,app-ctrl,signature,,,00 02 00 00
48886,78031,,Modbus_Func06.Write.Single.Reg.Validation,,elevated,MODBUS,84.3.251.104,84.3.251.102,app-ctrl,signature,,"UnitID:0, Address:2, Value:0","UnitID=0,Ref=2,Data=00 00"
25902,78031,,Modbus_Write.Single.Register,,elevated,MODBUS,84.3.251.104,84.3.251.102,app-ctrl,signature,,,
48886,78031,,Modbus_Func06.Write.Single.Reg.Validation,,elevated,MODBUS,84.3.251.104,84.3.251.102,app-ctrl,signature,,,
25902,78031,,Modbus_Write.Single.Register,,elevated,MODBUS,84.3.251.104,84.3.251.102,app-ctrl,signature,,,00 02 0f a0
48886,78031,,Modbus_Func06.Write.Single.Reg.Validation,,elevated,MODBUS,84.3.251.104,84.3.251.102,app-ctrl,signature,,"UnitID:0, Address:2, Value:4000","UnitID=0,Ref=2,Data=0f a0"
16938,78031,,Modbus,,elevated,MODBUS,84.3.251.104,84.3.251.102,app-ctrl,signature,,,
25902,78033,,Modbus_Write.Single.Register,,elevated,MODBUS,84.3.251.104,84.3.251.102,app-ctrl,signature,,,00 02 00 00
48886,78033,,Modbus_Func06.Write.Single.Reg.Validation,,elevated,MODBUS,84.3.251.104,84.3.251.102,app-ctrl,signature,,"UnitID:0, Address:2, Value:0","UnitID=0,Ref=2,Data=00 00"
25902,78033,,Modbus_Write.Single.Register,,elevated,MODBUS,84.3.251.104,84.3.251.102,app-ctrl,signature,,,
48886,78033,,Modbus_Func06.Write.Single.Reg.Validation,,elevated,MODBUS,84.3.251.104,84.3.251.102,app-ctrl,signature,,,
25902,78033,,Modbus_Write.Single.Register,,elevated,MODBUS,84.3.251.104,84.3.251.102,app-ctrl,signature,,,00 02 0f a0
48886,78033,,Modbus_Func06.Write.Single.Reg.Validation,,elevated,MODBUS,84.3.251.104,84.3.251.102,app-ctrl,signature,,"UnitID:0, Address:2, Value:4000","UnitID=0,Ref=2,Data=0f a0"
16938,78033,,Modbus,,elevated,MODBUS,84.3.251.104,84.3.251.102,app-ctrl,signature,,,
25902,78035,,Modbus_Write.Single.Register,,elevated,MODBUS,84.3.251.104,84.3.251.102,app-ctrl,signature,,,00 02 00 00
48886,78035,,Modbus_Func06.Write.Single.Reg.Validation,,elevated,MODBUS,84.3.251.104,84.3.251.102,app-ctrl,signature,,"UnitID:0, Address:2, Value:0","UnitID=0,Ref=2,Data=00 00"
25902,78035,,Modbus_Write.Single.Register,,elevated,MODBUS,84.3.251.104,84.3.251.102,app-ctrl,signature,,,
48886,78035,,Modbus_Func06.Write.Single.Reg.Validation,,elevated,MODBUS,84.3.251.104,84.3.251.102,app-ctrl,signature,,,
25902,78035,,Modbus_Write.Single.Register,,elevated,MODBUS,84.3.251.104,84.3.251.102,app-ctrl,signature,,,00 02 0f a0
48886,78035,,Modbus_Func06.Write.Single.Reg.Validation,,elevated,MODBUS,84.3.251.104,84.3.251.102,app-ctrl,signature,,"UnitID:0, Address:2, Value:4000","UnitID=0,Ref=2,Data=0f a0"
16938,78035,,Modbus,,elevated,MODBUS,84.3.251.104,84.3.251.102,app-ctrl,signature,,,
25902,78037,,Modbus_Write.Single.Register,,elevated,MODBUS,84.3.251.104,84.3.251.102,app-ctrl,signature,,,00 02 00 00
48886,78037,,Modbus_Func06.Write.Single.Reg.Validation,,elevated,MODBUS,84.3.251.104,84.3.251.102,app-ctrl,signature,,"UnitID:0, Address:2, Value:0","UnitID=0,Ref=2,Data=00 00"
25902,78037,,Modbus_Write.Single.Register,,elevated,MODBUS,84.3.251.104,84.3.251.102,app-ctrl,signature,,,
48886,78037,,Modbus_Func06.Write.Single.Reg.Validation,,elevated,MODBUS,84.3.251.104,84.3.251.102,app-ctrl,signature,,,
25902,78037,,Modbus_Write.Single.Register,,elevated,MODBUS,84.3.251.104,84.3.251.102,app-ctrl,signature,,,00 02 00 00
48886,78037,,Modbus_Func06.Write.Single.Reg.Validation,,elevated,MODBUS,84.3.251.104,84.3.251.102,app-ctrl,signature,,"UnitID:0, Address:2, Value:0","UnitID=0,Ref=2,Data=00 00"
16938,78037,,Modbus,,elevated,MODBUS,84.3.251.104,84.3.251.102,app-ctrl,signature,,,
25902,78039,,Modbus_Write.Single.Register,,elevated,MODBUS,84.3.251.104,84.3.251.102,app-ctrl,signature,,,00 02 00 00
48886,78039,,Modbus_Func06.Write.Single.Reg.Validation,,elevated,MODBUS,84.3.251.104,84.3.251.102,app-ctrl,signature,,"UnitID:0, Address:2, Value:0","UnitID=0,Ref=2,Data=00 00"
25902,78039,,Modbus_Write.Single.Register,,elevated,MODBUS,84.3.251.104,84.3.251.102,app-ctrl,signature,,,
48886,78039,,Modbus_Func06.Write.Single.Reg.Validation,,elevated,MODBUS,84.3.251.104,84.3.251.102,app-ctrl,signature,,,
25902,78039,,Modbus_Write.Single.Register,,elevated,MODBUS,84.3.251.104,84.3.251.102,app-ctrl,signature,,,00 02 00 00
48886,78039,,Modbus_Func06.Write.Single.Reg.Validation,,elevated,MODBUS,84.3.251.104,84.3.251.102,app-ctrl,signature,,"UnitID:0, Address:2, Value:0","UnitID=0,Ref=2,Data=00 00"
16938,78039,,Modbus,,elevated,MODBUS,84.3.251.104,84.3.251.102,app-ctrl,signature,,,
